Country Name, 1990 [YR1990], 2000 [YR2000], 2013 [YR2013], 2014 [YR2014], 2015 [YR2015], 2016 [YR2016], 2017 [YR2017], 2018 [YR2018], 2019 [YR2019], 2020 [YR2020], 2021 [YR2021], 2022 [YR2022]
Afghanistan, 0, 0, 20146416876.3886, 20497128600.3363, 19134221744.5294, 18116572399.1298, 18753456506.5708, 18053222734.8881, 18799444414.5998, 19955929060.841, 14266499429.8746, 0
Albania, 2028553750.0, 3480355258.04122, 12776224496.9718, 13228147516.1168, 11386853113.0189, 11861199830.8396, 13019726211.7369, 15156424015.1977, 15401826127.2539, 15162734205.2462, 17930565118.8176, 18916378860.5488
Algeria, 62048507531.3357, 54790398570.3282, 209755003250.664, 213809979836.314, 165979224866.131, 160034212126.018, 170096988531.906, 174910684781.571, 171760275466.61, 145743542982.628, 163472387986.768, 194998449769.085
Andorra, 1028989692.06787, 1429047881.84275, 3193513470.43941, 3271686452.47686, 2789882569.1005, 2896611878.6258, 3000160414.63795, 3218418631.67579, 3155150255.91195, 2891002460.29153, 3325143693.28714, 3352031094.22914
Angola, 11236275842.8094, 9129594815.57661, 132339108708.408, 135966802156.542, 90496420626.179, 52761617225.9253, 73690155046.555, 79450688232.0011, 70897962712.6213, 48501561230.001, 66505129989.243, 106782770714.619
Argentina, 141352654305.163, 284203750000.0, 552025140252.246, 526319673731.638, 594749285413.212, 557532320662.955, 643628393281.364, 524819892360.176, 447754683615.225, 385740508436.965, 487902572164.348, 631133384439.944
Armenia, 2256863448.77086, 1911563668.85006, 11121464437.0415, 11609513246.7958, 10553337518.414, 10546136235.5219, 11527458709.0158, 12457940694.7395, 13619290539.2116, 12641698583.2152, 13878908628.9378, 19513474648.2429
Austria, 166463386179.354, 197289625479.906, 430190979705.962, 442584815286.034, 381971148530.543, 395837353031.499, 417261151844.977, 454991174096.102, 444596155845.254, 435049316955.737, 479295362747.047, 470941926750.741
Azerbaijan, 8884848484.84848, 5272615722.96892, 74160560123.6902, 75239785452.1022, 53076235354.746, 37866996882.9157, 40866627351.9817, 47112470051.7701, 48174235294.1176, 42693000000.0, 54825411764.7059, 78721058823.5294
Bahrain, 4229787234.04255, 9062898936.17021, 32539468085.1064, 33387712765.9574, 31050638297.8723, 32234973404.2553, 35473776595.7447, 37802005319.1489, 38653318085.1064, 34621807712.766, 39288670212.766, 44383297872.3404
Bangladesh, 31598340778.2164, 53369787318.6245, 149990529836.78, 172885432686.945, 195078573252.202, 265236390328.627, 293754781336.0, 321379127909.353, 351238399005.451, 373902197869.16, 416264800549.026, 460201265527.977
Barbados, 2012131457.26644, 3059500000.0, 4685550000.0, 4707600000.0, 4734000000.0, 4843300000.0, 4992300000.0, 5110250000.0, 5341100000.0, 4738800000.0, 4923100000.0, 5699950000.0
Belarus, 0, 12736780455.1539, 75527558966.4473, 78812805039.0743, 56454889146.6088, 47723545321.259, 54725302249.8088, 60031173807.7196, 64410122847.3508, 61371755326.2351, 69673747131.87, 72793457588.4367
Belgium, 205331747947.851, 236792460312.471, 521791015247.06, 535390200131.018, 462335574841.484, 476062757356.927, 502764720556.354, 543299066998.902, 535865804349.803, 526264230147.394, 600748812601.541, 583435595579.963
Belize, 545686365.523175, 1134756760.62071, 2021757434.18064, 2125125606.25723, 2194709309.24204, 2240593542.9757, 2266664817.08822, 2292787335.62452, 2386792476.10637, 2047727810.06777, 2424575179.3783, 2830507575.6841
Benin, 1959965330.14765, 3519991440.47913, 12517845123.9315, 13284527846.9081, 11388160997.1089, 11821065852.1271, 12701655845.9612, 14262408079.7014, 14390708756.988, 15686741893.5187, 17687623534.6665, 17396792699.5489
Bhutan, 287765007.10715, 424448931.007248, 1756214316.41385, 1907090375.97776, 2003596838.78013, 2158971711.31564, 2591358114.48376, 2583335723.83252, 2735683408.71698, 2457604042.76364, 2768003872.54065, 0
Bolivia, 4867582597.52327, 8397855484.76908, 30659338885.6729, 32996188017.3661, 33000198248.9146, 33941126193.9219, 37508642170.767, 40287647930.5355, 40895322850.9407, 36629843806.0781, 40406111695.179, 44008282877.9606
Bosnia and Herzegovina, 0, 5567772768.81188, 18179108530.5261, 18558733564.4692, 16404348871.4437, 17116926327.6247, 18326373366.1105, 20484053868.9246, 20482608755.379, 20226036564.4129, 23649568276.8447, 24473906673.7086
Botswana, 3790636324.44775, 5788329609.15755, 14271738933.2042, 15470088500.7414, 13530748844.505, 15082636722.902, 16105156375.533, 17031943186.1353, 16725908666.8462, 14960291541.176, 18737066311.1597, 20355541962.8512
Brazil, 461951781818.18, 655448231983.527, 2472819535742.73, 2456043727198.85, 1802212206904.68, 1795693482652.52, 2063514977334.32, 1916933898038.36, 1873288205186.45, 1476107231194.11, 1649622821885.14, 1920095779022.73
Brunei Darussalam, 3520487626.98389, 6001282104.08228, 18094321616.7959, 17097802752.8728, 12930291487.9581, 11400466356.3898, 12128183904.4501, 13566937673.7966, 13469235364.7032, 12005799653.9835, 14006496617.4458, 16681536466.7183
Bulgaria, 20632090909.0909, 13245990274.4581, 55852123989.9504, 57157782909.9307, 50811995688.6771, 53964253211.84, 59309748166.1179, 66370132238.3914, 68881010245.5498, 70368758395.141, 84041493015.6618, 90346169914.9349
Burkina Faso, 3101300778.56414, 2968370087.59759, 13444300485.8412, 13943016076.7436, 11832159315.6298, 12833363045.3367, 14106955615.3442, 15890066221.2882, 16032813501.6639, 17725010530.7894, 19642668879.7694, 18820064797.8379
Burundi, 1132101252.51817, 870486065.883137, 2451606632.29246, 2705783329.80483, 3104003546.26497, 2644487776.50077, 2723586962.84034, 2667182199.51333, 2576518879.82353, 2649680261.43998, 2775798697.47186, 3338722827.66241
Cabo Verde, 306890962.649533, 539227277.626411, 2028910915.16446, 2041930125.42979, 1749857620.35329, 1849789985.99572, 1996741539.95088, 2205099506.99994, 2252177124.32402, 1821565613.68613, 1997866378.77119, 2226862134.08787
Cambodia, 0, 3654031716.39855, 15227991395.1207, 16702610842.3529, 18049954289.4721, 20016747857.6367, 22177200588.1826, 24571753583.3935, 27089390032.798, 25872797891.7664, 26961061151.7337, 29504829319.3169
Cameroon, 12314482627.8454, 10566579294.9831, 33728621180.3231, 36386544706.0806, 32210233020.4569, 33814337044.3765, 36098547033.1655, 39973842087.2242, 39670976452.5283, 40773241177.0505, 44993521774.066, 43644068310.851
Canada, 596075591360.987, 744773415931.587, 1846597421834.98, 1805749878439.94, 1556508816217.14, 1527994741907.43, 1649265644244.09, 1725329192783.02, 1743725183672.52, 1647598402302.68, 2001486745423.92, 2137939220074.91
Central African Republic, 1440711459.16967, 916777282.691659, 1691544110.18543, 1894813389.40325, 1695825714.19282, 1825018144.65595, 2072349972.6818, 2220979146.11241, 2221301351.43918, 2326720900.38047, 2516498412.46384, 2382618615.01694
Chad, 1738605557.76313, 1388506771.58756, 12953534866.4286, 13940767218.5849, 10950392256.9543, 10097778098.1707, 10000394381.0177, 11239167898.3395, 11314951091.7283, 10715396042.3343, 11779981332.8631, 12704149840.2283
Chile, 33137824752.7724, 78339750717.0395, 277395018674.682, 259560978407.095, 242450355827.827, 249344864067.964, 276154259806.312, 295857562826.427, 278598887622.96, 254258196269.735, 316581155648.871, 301024724911.923
China, 394565747349.055, 1211331651829.85, 9570471111847.82, 10475624944290.1, 11061572618594.8, 11233313730288.5, 12310491333980.9, 13894907857925.9, 14279968506242.8, 14687744162801.0, 17820459508852.2, 17963171479205.3
Colombia, 47844090709.9908, 99875074951.0278, 382093697077.685, 381240864422.407, 293492370228.844, 282720100286.228, 311866875135.578, 334198218100.719, 323031701210.765, 270150956772.57, 318511813576.97, 343622114560.409
Comoros, 429622177.724885, 351136579.648632, 1116224107.17116, 1149587659.74502, 966029599.801228, 1012835492.51575, 1077439756.12221, 1188797449.96029, 1195019531.03664, 1225039195.93742, 1296089479.45831, 1242519407.27815
Costa Rica, 5711687786.75989, 15013629658.6521, 50949668840.8692, 52016408951.8225, 56441920821.0806, 58847019609.6549, 60516044657.2254, 62420164991.5374, 64417670521.1842, 62395610760.3912, 64960725734.2362, 69243626028.6696
Croatia, 0, 22128719418.4376, 59491066217.9088, 59342363988.804, 50857353544.2847, 52512987755.9635, 56061675144.3829, 61481309636.1289, 61470295887.8384, 57760024673.9359, 69081236641.2469, 71600049650.195
Cuba, 28645436569.1489, 30565400000.0, 77148000000.0, 80656100000.0, 87132800000.0, 91370407863.7, 96850649691.7406, 100050036096.123, 103427600000.0, 107351800000.0, 545217900000.0, 633442300000.0
Cyprus, 5591130217.66965, 9985844486.33365, 23899444182.51, 23155988617.4023, 19842492366.5477, 20952955488.0836, 22870678689.4802, 25523485042.6265, 25947027570.4262, 25227201184.2295, 29482917678.8954, 29250524418.0855
Denmark, 138247285815.855, 164158739097.623, 343584391647.927, 352993631617.708, 302673070846.857, 313115929314.339, 332121063806.391, 356841216410.068, 346498737961.635, 354762748338.661, 405687998852.691, 400167196948.707
Djibouti, 452328087.282876, 551230861.856505, 2042817162.85639, 2214679081.25658, 2424391785.43897, 2604955228.70117, 2762581334.22612, 2913466732.12507, 3088853638.56832, 3185150981.03207, 3385825228.86997, 3515108859.95465
Dominica, 201429629.62963, 333470370.37037, 498296296.296296, 520429629.62963, 540737037.037037, 576229629.62963, 521551851.851852, 554770370.37037, 611537037.037037, 504214814.814815, 555266666.666667, 607440740.740741
Dominican Republic, 7073675544.79021, 24305780628.6677, 62682159338.0354, 67179955677.2791, 71164826836.5281, 75704647877.6559, 79998046305.79, 85555390139.118, 88941372558.2397, 78844656298.1776, 94243425938.3647, 113537368176.13
Ecuador, 15239272611.5809, 18327764882.4412, 95129659000.0, 101726331000.0, 99290381000.0, 99937696000.0, 104295862000.0, 107562008000.0, 108108009000.0, 99291124000.0, 106165866000.0, 115049476000.0
El Salvador, 4817542204.0, 11784927700.0, 21990960000.0, 22593470000.0, 23438240000.0, 24191430000.0, 24979190000.0, 26020850000.0, 26881140000.0, 24930080000.0, 29451240000.0, 32488720000.0
Equatorial Guinea, 112119411.489965, 1045998496.43872, 21948834283.7856, 21765453081.9826, 13185496881.4055, 11240808846.6928, 12200913887.6419, 13097012124.2267, 11364133546.2488, 9893816016.147, 12104994084.4108, 12029633746.519
Eritrea, 0, 706370815.584416, 0, 0, 0, 0, 0, 0, 0, 0, 0, 0
Estonia, 0, 5686579747.53524, 25115753366.1114, 26634083965.0987, 22890762090.1508, 24072829276.7744, 26924385103.0659, 30624720196.229, 31081901909.2156, 31370395572.7658, 37191166151.98, 38100812958.5196
Eswatini, 1114694040.66987, 1738093840.36607, 4597552981.56738, 4422986271.74767, 4063245671.29285, 3816019193.16561, 4402969225.92165, 4666598024.18411, 4466214591.14854, 3982236692.55236, 4850842571.59151, 4790922065.6101
Ethiopia, 12175166763.285, 8242349617.8638, 47648276605.0123, 55612228233.5179, 64589328550.5953, 74296745207.8721, 81770886825.6048, 84269196625.8784, 95912607722.3032, 107657734392.446, 111261882958.426, 126783471597.671
Finland, 141438345513.917, 126019543413.334, 271362405890.589, 274862826772.156, 234534382384.766, 240771351298.833, 255647979916.471, 275708001767.843, 268514916972.549, 271886077382.102, 296776746825.577, 282896251391.052
France, 1269179616913.63, 1365639660792.16, 2811876903329.03, 2855964488590.19, 2439188643162.5, 2472964344587.17, 2595151045197.65, 2790956878746.66, 2728870246705.88, 2647418691598.45, 2959355819170.5, 2779092236505.85
Gabon, 5952293764.84777, 5080483628.53013, 17595744798.3398, 18203966895.8433, 14383107762.6952, 14023890265.3665, 14929487485.1623, 16867326401.9626, 16874405465.391, 15314577154.8076, 20217946922.4528, 21071739224.8918
Georgia, 7500000000.0, 3057475335.18846, 17190068235.7892, 17627332900.2581, 14953673796.1929, 15141598622.5692, 16242645072.2881, 17596922469.9152, 17470436258.5131, 15842922532.7202, 18629365612.096, 24780791063.7131
Germany, 1771671206875.68, 1947981991011.77, 3733804649549.03, 3889093051023.52, 3357585719351.56, 3469853463945.53, 3690849152517.65, 3974443355019.6, 3889177589254.9, 3887727161914.41, 4278503934689.85, 4082469490797.68
Ghana, 5889106573.46088, 4982850662.20851, 62824629066.0408, 54783320576.8882, 49406009811.9819, 56164928691.0359, 60405920071.5652, 67298913752.0241, 68337974418.3315, 70043095503.6675, 79524421861.2743, 73766052451.5256
Greece, 97891092003.4394, 130457756628.436, 238907690051.13, 235458133124.608, 195683527003.375, 193148146586.933, 199844406013.531, 212049447242.111, 205252760889.364, 188480337285.605, 214667807441.202, 217581324512.059
Grenada, 278098762.962963, 520044370.37037, 842618518.518518, 911496296.296296, 997007407.407407, 1061640740.74074, 1125685185.18519, 1166514814.81481, 1213485185.18519, 1043411111.11111, 1122800000.0, 1215379155.67282
Guatemala, 7650196845.21546, 19288929030.0508, 52996446269.442, 57852153058.502, 62186064718.7424, 66053403469.0024, 71653754066.2763, 73328365862.4329, 77172317258.6478, 77715183063.2054, 86053083476.0294, 95003330315.8754
Guinea, 2666750819.15337, 2995361111.48224, 8376613880.84932, 8778473643.31852, 8794202394.29076, 8595955600.36601, 10324668271.1032, 11857030367.2441, 13442861496.4128, 14177835841.3923, 16091817842.1318, 20999229260.4955
Guinea-Bissau, 243961995.512687, 371095522.049969, 1046087367.45447, 1054915581.35773, 1048229633.00189, 1179004911.26676, 1350177012.24273, 1504630233.68158, 1439638410.99683, 1431758231.68522, 1638517606.89496, 1633559092.08861
Guyana, 396582263.291139, 712667896.727512, 4167800935.59876, 4127660158.47257, 4279840193.7046, 4482697336.56174, 4748174334.14044, 4787637005.53562, 5173760191.84652, 5471256594.72422, 8041362110.31175, 14718388489.2086
Haiti, 3096289800.0, 6813565983.23285, 14902488489.1696, 15146883647.3239, 14849629407.8872, 14069277532.5199, 15093357143.2889, 16403864522.0538, 15016090929.5125, 14508222518.3018, 20877414952.6375, 20253551884.6055
Honduras, 4923009551.55642, 7186638029.05875, 18499729214.904, 19756533971.8698, 20979791685.416, 21717604952.1835, 23136247990.5977, 24067750760.499, 25089937021.5418, 23827859226.8834, 28488721680.8502, 31717699764.3621
Hungary, 0, 47218405892.4258, 135684315697.713, 141033843265.669, 125174166987.372, 128609822750.039, 143112196040.326, 160565642983.587, 164020460331.659, 157227094449.074, 182090041757.269, 177337436677.365
Iceland, 6468736355.55678, 9025660361.75842, 16125060515.3117, 17867662177.8911, 17517210519.0912, 20793168030.9524, 24728285177.4603, 26260850582.0687, 24681343649.2952, 21565767851.144, 25595940169.5879, 28064529851.3098
India, 320979026420.035, 468394937255.803, 1856721507681.08, 2039126479228.11, 2103588360066.32, 2294796885682.55, 2651474262735.28, 2702929641707.38, 2835606256616.03, 2671595405986.86, 3150306839142.13, 3416645826052.87
Indonesia, 106140727333.636, 165021012077.81, 912524136718.018, 890814755533.537, 860854232686.214, 931877364037.698, 1015618744159.73, 1042271532988.63, 1119099871350.2, 1059054842698.48, 1186505455736.54, 1319100220407.72
Iraq, 180408064516.129, 48364250943.9051, 234637675128.645, 228415656174.957, 166774104959.102, 166602488747.885, 187217660050.676, 227367469034.031, 233636097800.338, 180924091442.953, 207691599310.345, 264182173793.103
Ireland, 49305632408.4929, 100207610429.909, 238112475390.796, 259681883575.706, 292364226871.756, 298559265006.398, 337241811320.896, 386693357874.056, 398933010007.356, 428608687830.239, 513391778882.86, 533140011838.276
Israel, 0, 136035771711.672, 297732778479.129, 314330061977.263, 303414276832.04, 322102790386.835, 358245427458.541, 376691526553.276, 402470513619.148, 413267669231.522, 488526545878.891, 525002447652.773
Italy, 1181222653522.95, 1146676894209.73, 2141924094298.56, 2162009615996.54, 1836637711060.55, 1877071687633.78, 1961796197354.36, 2091932426266.98, 2011302198827.45, 1897461635591.91, 2155360298998.03, 2049737165407.98
Jamaica, 4592208086.69235, 9005064474.93003, 14264205152.6126, 13899217721.6818, 14188936958.4343, 14077096714.1279, 14808985171.3441, 15730792835.5811, 15830766570.7266, 13812421803.4084, 14657586127.0331, 17097760723.9201
Japan, 3185904656663.85, 4968359075956.59, 5212328181166.18, 4896994405353.29, 4444930651964.18, 5003677627544.24, 4930837369151.42, 5040880939324.86, 5117993853016.51, 5048789595589.43, 5005536736792.29, 4232173916086.67
Jordan, 4160087507.83472, 8460789844.8519, 34454440140.8451, 36847643521.1268, 38587017887.3239, 39892551126.7606, 41608435915.493, 43370860704.2254, 44502816901.4085, 43700383098.5916, 46296100140.8451, 48653381780.6397
Kazakhstan, 26932016269.6107, 18291990662.0356, 236634603409.089, 221415613595.469, 184388404706.042, 137278320084.171, 166805788827.233, 179339977690.485, 181667184854.501, 171082365861.423, 197112255360.612, 225496328925.494
Kenya, 8572359038.16958, 12705350097.8044, 61671440407.8387, 68285796514.2896, 70120446896.8359, 74815144163.8931, 82036510877.2599, 92202979985.2863, 100378436207.371, 100657505750.545, 109703658904.994, 113420008178.793
Kuwait, 18427777777.7778, 37718743480.0751, 174167897908.593, 162650272167.89, 114585576961.43, 109406328917.014, 120687539805.505, 138202535799.918, 136191825724.364, 105948807280.731, 137384258875.558, 175363265306.122
Kyrgyz Republic, 2675000000.0, 1369688498.06778, 7335033800.59056, 7468102412.68237, 6678177511.66313, 6813095379.1187, 7702938379.42036, 8271106235.41552, 9371275264.36735, 8270468614.24051, 9249133946.26531, 11543966558.842
Lao PDR, 865559879.400406, 1731198022.46763, 11983252626.5452, 13279248478.6917, 14426381187.0894, 15912495368.8717, 17071162084.4067, 18141651381.3884, 18740559554.1632, 18981800705.0794, 18827148528.9934, 15468785203.7532
Latvia, 0, 7958852838.93395, 30204783461.8488, 31386896487.0407, 27263090547.0617, 28083597512.4841, 30483806017.8318, 34429023435.0211, 34225547537.0745, 34390910338.9604, 39443126174.4335, 40932030049.5644
Lebanon, 2838485353.96187, 17260364842.4544, 46880103080.597, 48095213746.6003, 49929337836.8159, 51147308774.1294, 53027680685.9038, 54901519155.5556, 51605959131.2741, 31712128253.7961, 23131941556.7843, 0
Lesotho, 596410263.743849, 887291687.920796, 2367112931.642, 2441063054.05792, 2359686724.53829, 2131522791.45927, 2306185472.14868, 2556247291.99785, 2361966946.29803, 2067813018.99465, 2348771013.21241, 2236502124.16956
Liberia, 0, 874000000.0, 3177198100.0, 3225652000.0, 3227075700.0, 3398419600.0, 3390703400.0, 3422754800.0, 3319596500.0, 3039982500.0, 3509000000.0, 4001046970.0
Libya, 28904164239.3038, 38270983031.7, 75351117629.3591, 57372352561.9874, 48717506273.4399, 49912085228.2887, 67157451661.405, 76686048497.4801, 69254143966.8182, 46808208746.0839, 39798423941.0335, 45752336035.9846
Liechtenstein, 1421509216.37424, 2483889858.32312, 6391708310.67727, 6657526979.72277, 6268515276.17441, 6237302033.50132, 6474308717.85289, 6692620691.84146, 6436467007.11932, 6405870210.32293, 7710380085.92257, 0
Lithuania, 0, 11524776866.6379, 46523420074.4372, 48533659592.1728, 41435533340.3883, 43047309305.7363, 47758736931.7801, 53751411409.4447, 54808531641.4117, 56964942999.3651, 66798933785.7702, 70974490450.4944
Luxembourg, 12778792853.6939, 21230182989.3036, 65203276466.9763, 68804811897.6445, 60071584216.1375, 62216885435.9488, 65712180342.9836, 71000359760.4611, 69890505323.5842, 73699366700.2134, 85584105993.8746, 81641807865.7591
Madagascar, 3931334875.01376, 4629247203.84524, 12423555455.3853, 12522957399.2281, 11323020701.3017, 11848613858.442, 13176313593.5509, 13760033282.2925, 14104664678.5063, 13051441203.9474, 14554754116.5427, 15297192798.9771
Malawi, 2737087861.60887, 2537307580.32808, 8031571927.62055, 8801326169.14547, 9219474379.31534, 7909868618.46366, 8943543677.18899, 9880675785.93057, 11025371147.1876, 12056108778.3125, 12602334121.6286, 13164667626.9363
Malaysia, 44024585239.6137, 93789736842.1053, 323276235524.415, 338066095097.254, 301355266964.947, 301256033870.334, 319109094160.343, 358788845712.53, 365177721021.516, 337456163961.211, 373832428055.449, 407027451714.616
Maldives, 215043969.849246, 624337145.284622, 3295009236.55661, 3697353036.58648, 4129505319.81871, 4409942623.38674, 4816426259.51373, 5404344159.49959, 5726094797.67486, 3712604580.32081, 5254366310.44801, 6170638746.965
Mali, 2681912148.69842, 2961484953.86444, 13242690786.0938, 14364937124.0727, 13104764378.326, 14026048335.7047, 15365713048.1993, 17070867589.9055, 17280250810.0321, 17465392764.3706, 19309463508.0377, 18827176529.6983
Malta, 2547163582.33149, 4069515556.78692, 10551030596.7558, 11625848974.8051, 11091483659.6156, 11668015565.8082, 13484541925.7714, 15404393365.2073, 15992378640.0553, 15252609039.0749, 18087205251.3605, 18125564514.2664
Mauritania, 1506914407.82047, 1779520886.47015, 7223071097.08417, 6592537781.81518, 6166863896.68677, 6398747592.13185, 6800135898.28827, 7473550557.07378, 7894764885.82312, 8260752385.23089, 9222536364.01272, 9780863578.97688
Mauritius, 2653485892.62519, 4663321081.4445, 12292974141.4044, 13074129952.0532, 12007291045.6489, 12594155464.4136, 13713506130.6081, 14735695930.9727, 14436346979.6355, 11408106446.3144, 11484357947.9086, 12948726653.811
Mexico, 261253675692.838, 742061329643.37, 1327436290360.97, 1364507717463.67, 1213294467527.59, 1112233497399.12, 1190721475958.84, 1256300182983.65, 1305212479961.59, 1120741118380.27, 1312557512901.28, 1465854089286.47
Moldova, 0, 1288429391.79951, 9496717875.51932, 9399833207.49341, 7798692878.40136, 7982450758.03213, 9519053158.46404, 11253727815.4762, 11735774634.4239, 11531967881.0624, 13692230147.0588, 14508333280.4233
Monaco, 2481307077.10989, 2654462665.26893, 6555591709.88585, 7069353073.08882, 6261649890.82388, 6465645584.94877, 6431271365.08338, 7182444409.54069, 7383944044.17, 6739645416.47916, 8626081320.50612, 8784002931.68665
Mongolia, 2560785660.0, 1136896123.61298, 12582122604.2577, 12226514668.0622, 11619892590.6941, 11181350649.3573, 11480847740.736, 13178094720.4986, 14206359017.5143, 13312981429.0891, 15286441737.6686, 17146471626.3963
Montenegro, 0, 984293043.811565, 4465772400.37453, 4593853290.963, 4054730077.57718, 4376930578.32395, 4856599480.79882, 5506942238.35668, 5542054181.12616, 4769996866.00758, 5861427505.12493, 6229801580.79157
Morocco, 30179954774.9899, 43017455401.8445, 115739287305.08, 119130841411.664, 110413823841.592, 111572947004.917, 118540573367.844, 127341147581.818, 128920266409.458, 121353645057.144, 141817797083.468, 130912558829.84
Mozambique, 0, 5930685214.61595, 17198073057.1981, 17978246586.0662, 16208985769.615, 12069051237.1711, 13264640645.7768, 15017358750.6113, 15512759174.573, 14235420505.2904, 16168056388.9101, 18406835954.6695
Myanmar, 2115193503.48126, 8905066163.58643, 60269732882.8413, 65446196919.6813, 59687411768.8224, 63216143490.1423, 66055090634.4518, 67855845007.3168, 75072038085.8542, 79045695084.5069, 66262813093.4824, 62263466263.7375
Namibia, 2789921853.37652, 3922232164.83175, 12043307277.1235, 12435430969.6301, 11335161083.5061, 10722018732.0936, 12895153160.466, 13682018827.0434, 12541928102.7657, 10583748541.5258, 12446290854.8973, 12914932655.685
Nepal, 3627560281.90505, 5494252207.90502, 22162205046.022, 22731612827.0632, 24360801337.6944, 24524109483.5293, 28971588880.3546, 33111525183.2178, 34186180695.9969, 33433659223.6349, 36924841428.7182, 40828247303.5337
Netherlands, 318330511920.61, 417479337444.707, 877172824534.512, 892167986713.722, 765572770634.375, 784060430240.08, 833869641687.06, 914043438179.607, 910194347568.626, 909793466661.481, 1029678338329.44, 1009398719033.08
New Zealand, 45495129385.0475, 52623281956.7031, 190906575136.003, 201313497220.917, 178064471137.921, 188838342527.975, 206556258844.567, 211886686924.483, 213091987153.092, 212569779569.519, 255551704625.831, 248101705541.399
Nicaragua, 1009455483.87097, 5107329007.0922, 10982995267.0341, 11880434070.7811, 12756685522.4807, 13286101284.7856, 13785924374.2151, 13025234958.647, 12699028991.3771, 12678162403.5929, 14145880399.1935, 15671583939.9889
Niger, 3512356507.88599, 2241753192.81158, 10224897437.8648, 10862943543.5419, 9683867926.44282, 10398861981.7583, 11185104251.6785, 12837307496.8797, 12889555561.304, 13744653102.9945, 14915002435.9913, 15342278919.4009
Nigeria, 54035795387.8086, 69171451627.2465, 520117180313.906, 574183763411.508, 493026682800.63, 404649125252.16, 375745731053.427, 421739251509.08, 474517491092.913, 432198898221.967, 440838992188.478, 472624597402.898
North Macedonia, 4699646643.10954, 3772859034.20508, 10817702346.0674, 11362265252.778, 10064519962.5655, 10672467073.2873, 11307067069.6658, 12683068114.2388, 12606338448.547, 12363580534.6811, 13998355971.3044, 13563132102.1663
Norway, 119791843059.572, 171457201935.968, 526014468085.106, 501736471832.848, 388159512245.53, 370956547619.048, 401745275035.261, 439788625883.8, 408742840909.091, 367633418886.627, 490293364377.183, 579422449510.271
Oman, 11685045513.6541, 19507452535.7607, 89936020806.2419, 92699089726.9181, 78710793237.9714, 75128738621.5865, 80856697009.1027, 91505851755.5267, 88060858257.4772, 75909397659.2978, 88191977373.212, 114667360208.062
Pakistan, 40010423970.4576, 99484802344.5277, 258657231672.412, 271390474857.632, 299963590534.773, 313630000130.435, 339205534861.1, 356128166704.921, 320909472770.669, 300425609817.981, 348516647445.148, 374697366359.244
Panama, 6433967000.0, 12304115000.0, 45599900000.0, 49921400000.0, 54091800000.0, 57907700000.0, 62202700000.0, 67294169200.0, 69721787500.0, 57086836900.0, 67406738100.0, 76522511800.0
Paraguay, 5812114523.01187, 8855705139.55857, 38501122141.4241, 40377929295.6419, 36211447840.0971, 36089700222.9461, 38997129473.5558, 40225448340.6322, 37925338329.1494, 35432178068.1814, 39950899938.7482, 41722295229.2279
Peru, 26410386962.8019, 51744749133.213, 201175543571.392, 200786250582.943, 189802976285.619, 191898104390.379, 211007984080.911, 222597009739.235, 228325821196.153, 201947615138.567, 223717799056.526, 242631573320.79
Philippines, 50508286641.5746, 83669788254.7279, 283902828581.65, 297483555344.802, 306445871246.718, 318627003012.52, 328480736798.792, 346841896583.515, 376823402244.928, 361751145451.597, 394087359844.049, 404284326110.463
Poland, 65977748210.5263, 172220451786.957, 515761954074.157, 539080475073.719, 477111287969.227, 470024559642.469, 524641206566.631, 588779850758.053, 596058473058.766, 599442783598.064, 681346136411.701, 688125010520.52
Portugal, 78713860216.5659, 118605192877.388, 226433858005.714, 229901964221.884, 199394066525.44, 206426152308.931, 221357874718.93, 242313116577.967, 239986922638.902, 229031860520.777, 255534839405.899, 255196660987.427
Qatar, 7360439423.07692, 17759890109.8901, 198727642967.033, 206224598571.429, 161739955576.923, 151732181868.132, 161099122225.275, 183334953818.681, 176371267689.082, 144411363345.27, 179732009554.846, 236258302839.653
Romania, 38247882300.4904, 37253739511.1273, 189789258566.244, 199713780259.318, 177883883008.747, 185287630540.431, 210147163769.848, 243316029944.056, 251017797625.017, 251362514349.697, 285810244501.933, 300691354864.855
Russian Federation, 517014446227.929, 259710142196.943, 2292470078346.22, 2059241589895.01, 1363482182197.71, 1276786350881.14, 1574199360089.0, 1657328773461.31, 1693115002708.32, 1493075894362.14, 1836892075547.52, 2240422427458.58
Rwanda, 2550185679.08109, 2068955252.83541, 7820741499.0814, 8239766320.0954, 8544621756.79813, 8696069807.42495, 9252834120.39358, 9636254325.02444, 10346326599.029, 10172303393.0612, 11054517345.7109, 13311487445.0686
San Marino, 0, 1005159388.24397, 1678741201.5731, 1673910988.24105, 1419400403.82788, 1468342430.7393, 1528621195.4832, 1655354303.86998, 1616188702.33964, 1541247883.99351, 1855382833.1165, 0
Saudi Arabia, 117630261604.888, 189514910222.667, 753864543430.248, 766605946720.427, 669484381328.891, 665999879694.192, 714994694991.651, 846583791842.629, 838564705295.139, 734271183944.989, 874156115900.131, 1108571517285.38
Senegal, 7390967360.42121, 6013185003.97525, 18918667724.8817, 19797253440.2679, 17774766696.1759, 19040312333.1864, 20996562943.5979, 23116701556.1381, 23403995992.1354, 24530513037.7518, 27569136729.9023, 27684264748.2324
Serbia, 0, 6875845986.52121, 48394239474.6762, 47062202418.8864, 39655949731.3816, 40692661657.284, 44179075778.9267, 50640662859.4987, 51514242938.6734, 53356484591.4378, 63101069561.2193, 63563401043.5044
Seychelles, 392163560.879912, 654212394.27164, 1324915185.0959, 1387576450.14334, 1391427967.33495, 1458954073.30681, 1529773473.31153, 1588050311.16454, 1645090567.04612, 1183515314.03478, 1286687308.25807, 1588438144.37685
Sierra Leone, 649644097.566129, 635874002.198748, 4920343316.87093, 5015180725.3416, 4252029353.82191, 3862721266.02162, 3719443418.26155, 4085114387.55605, 4076578698.79107, 4062906265.7332, 4249234704.01866, 4094563859.43556
Singapore, 36144336768.7023, 96076539925.7409, 307576360584.992, 314863580758.455, 307998545269.398, 319030057631.089, 343272878686.388, 376869492498.009, 376837580397.579, 348392090695.217, 423797100521.555, 466788426791.966
Slovak Republic, 12747380650.0762, 29242558796.5507, 98935222174.8603, 101437045019.901, 88900883130.8374, 89952699524.894, 95649966260.9802, 106137924015.593, 105711680180.565, 106731482855.496, 118576482542.583, 115461711688.965
Slovenia, 0, 20289627636.6767, 48415657264.8758, 49997186439.0916, 43107506024.3254, 44766722790.5826, 48589100043.0954, 54177882425.8431, 54386654313.9685, 53734526854.2289, 61832201543.8285, 60063475466.3446
Somalia, 917044228.00846, 0, 5836021227.47436, 6537360532.64205, 6984947145.09369, 7390796616.53029, 8252394373.29875, 8278212314.40591, 9420431258.24667, 9204140383.17507, 9838711529.45863, 10419541202.0382
South Africa, 126048140141.869, 151752757215.309, 400886013595.573, 381198869776.106, 346709790458.563, 323585509674.481, 381448814654.62, 405260723892.868, 389330032221.07, 338291396025.956, 420117812463.841, 405270850099.387
South Sudan, 0, 0, 18426469016.9492, 13962212847.4576, 11997800760.2242, 0, 0, 0, 0, 0, 0, 0
Spain, 536558591250.408, 598363313494.903, 1355579535912.55, 1371820537888.62, 1196156971279.69, 1233554967011.68, 1313245330197.65, 1421702715218.04, 1394320055129.41, 1278128867875.49, 1445651653604.63, 1417800466262.65
Sri Lanka, 8032551173.24014, 16330814179.9766, 77000578167.353, 82528535713.926, 85140955388.8509, 88012282205.8357, 94376237797.2367, 94493871200.7869, 89014978344.1404, 84440516486.1099, 88548049121.4972, 74403578363.4355
Sudan, 33641222222.2222, 12257299147.2936, 66027141578.0612, 76818769321.3038, 84984666745.108, 102943509633.573, 129718581297.431, 32333780383.2924, 32338079165.2893, 27034593750.0, 34229513773.9708, 51662241775.0629
Suriname, 388400000.0, 947671969.69697, 5145757575.75758, 5240606060.60606, 5126237646.22072, 3317421648.09918, 3591679430.99988, 3996198866.57453, 4016040575.08796, 2911807496.20227, 3081401725.88833, 3620987993.32637
Sweden, 261846194498.885, 262835454366.855, 586841821796.891, 581964017237.095, 505103781349.757, 515654671469.547, 541018749769.097, 555455371487.089, 533879529188.454, 547054174235.876, 639714956069.468, 591188594776.551
Switzerland, 265763573999.424, 279216033870.204, 706234937370.968, 726537808338.0, 694118186379.628, 687895460902.713, 695200833086.499, 725568717468.001, 721369112726.724, 741999406005.627, 813408787222.499, 818426550206.45
Syrian Arab Republic, 23904498886.4143, 80590022271.7149, 21361254634.9336, 21502061466.067, 16468399173.0006, 12598742889.2732, 16369724424.2585, 21496337948.9175, 22600896342.9399, 11156757922.0385, 8969512933.38826, 0
Tajikistan, 2629395066.27017, 860541842.263697, 8448410727.21353, 9112606074.45562, 8271431932.39205, 6992416096.89018, 7536403146.65439, 7765000282.26569, 8300813889.60795, 8133963813.07025, 8937805347.13963, 10492123387.7931
Tanzania, 4258742891.66014, 13376365874.8449, 45648857242.315, 49986726460.6805, 47413919817.124, 49774409374.4538, 53274884532.7886, 57003712892.0858, 61026731925.9213, 66068737786.0639, 70655628147.8986, 75732311666.039
Thailand, 85343190719.0107, 126392224253.794, 420333654592.547, 407339040197.651, 401296238228.084, 413366349747.508, 456356813536.764, 506754208404.485, 543976691793.886, 500457264955.763, 505568063988.806, 495423343049.622
Timor-Leste, 0, 366924300.0, 1395727400.0, 1447535200.0, 1595205100.0, 1652603700.0, 1598208400.0, 1566157200.0, 2027034000.0, 2162619200.0, 3621958000.0, 3204753000.0
Togo, 1628427587.19133, 1491891156.27182, 6021729629.82454, 6393314707.85456, 5755457836.01866, 6071167584.1951, 6387424239.8801, 7029215766.46367, 6992654019.28876, 7486031561.86885, 8443112143.23844, 8341225241.45693
Trinidad and Tobago, 5068000000.0, 8154338232.95978, 28709988700.2142, 29699968760.7278, 27026080986.578, 23713671528.1421, 24040299977.8745, 24569079488.3913, 23775754304.6652, 20807571314.3043, 24496505940.6673, 30053575132.142
Tunisia, 12290568181.8182, 21473528160.7782, 48685446413.953, 50271812920.612, 45779494041.9295, 44360072680.4476, 42163530590.9462, 42686580020.8322, 41905540184.424, 42538289933.2162, 46687293140.3377, 46303552449.3542
Turkiye, 150655500191.644, 274294623164.043, 957799120008.32, 938934609296.966, 864313810469.009, 869682881593.041, 858988492853.742, 778972199727.859, 761005946788.221, 720338498174.744, 819865253669.661, 907118435952.688
Turkmenistan, 3000000000.0, 2904663310.9825, 39197543859.6491, 43524210526.3158, 35799714285.7143, 36169428571.4286, 37926285714.2857, 40765428571.4286, 45232857142.8571, 45818000000.0, 50007428571.4286, 56542857142.8571
Uganda, 4304399310.30967, 6193246837.09687, 28915786516.6123, 32612397257.4458, 32387183730.1002, 29203988696.2626, 30744473841.424, 32927025619.6795, 35348155095.4215, 37605430214.3519, 40510241365.8914, 45567304608.4764
Ukraine, 79523809523.8095, 32375083934.8241, 190498811460.028, 133503871861.723, 91030967789.0717, 93355869403.9223, 112090505081.739, 130891088293.55, 153883047509.577, 156617722013.342, 199765859570.935, 160502737251.047
United Arab Emirates, 50701443748.2975, 104337372362.151, 400218529747.597, 414105366758.911, 370275469560.166, 369255326235.771, 390516804016.501, 427049432149.345, 417989721734.494, 349473015336.939, 415178792769.884, 507063968273.313
United Kingdom, 1093169389204.55, 1665534876683.31, 2784853502534.29, 3064708247921.43, 2927911140916.73, 2689106566899.61, 2680148052335.3, 2871340347581.79, 2851407164907.81, 2697806592293.86, 3141506156618.7, 3089072722400.14
United States, 5963144000000.0, 10250947997000.0, 16843190993000.0, 17550680174000.0, 18206020741000.0, 18695110842000.0, 19477336549000.0, 20533057312000.0, 21380976119000.0, 21060473613000.0, 23315080560000.0, 25439700000000.0
Uruguay, 9298807850.29979, 22823270892.1094, 61337621933.7857, 61496186973.902, 57680327998.6689, 57480788380.312, 65006047680.3225, 65203071817.9812, 62048585618.505, 53666908053.7655, 61412268248.9461, 71177146197.4951
Uzbekistan, 13360607990.6751, 13760513969.314, 73180037911.4173, 80845385816.4497, 86196264741.8842, 86138288632.5513, 62081322740.0162, 52870108217.2949, 60283503705.3907, 60224701296.7885, 69600614987.3509, 80391853887.4049
Viet Nam, 6471740805.56984, 31172518403.3162, 213708811665.34, 233451469642.519, 239258328381.741, 257096001177.982, 281353605986.903, 310106478394.659, 334365270496.667, 346615738537.796, 366137569122.215, 408802378904.838
Zambia, 3285217391.30435, 3600632111.41414, 28037239462.7142, 27141023558.0829, 21251216798.7762, 20958412538.3093, 25873601260.8353, 26311507273.6735, 23308667781.2258, 18110638269.2238, 22096416933.7902, 29163782138.3415
Zimbabwe, 8783816700.0, 6689957600.0, 19091020000.0, 19495519600.0, 19963120600.0, 20548678100.0, 17584890936.6523, 34156069918.0609, 21832234921.1762, 21509698406.6618, 28371238665.8646, 27366627153.0852
Antigua and Barbuda, 459470370.37037, 826370370.37037, 1325425925.92593, 1378829629.62963, 1437755555.55556, 1489692592.59259, 1531151851.85185, 1661529629.62963, 1725351851.85185, 1410796296.2963, 1601366666.66667, 1867733333.33333
