, AUS, AUT, BEL, CAN, CZE, DNK, FIN, FRA, DEU, GRC, HUN, ISL, IRL, ITA, JPN, KOR, LUX, MEX, NLD, NZL, NOR, POL, PRT, SVK, ESP, SWE, CHE, TUR, GBR, USA, BRA, CHL, CHN, COL, EST, IND, IDN, ISR, RUS, SVN, ZAF, DEW, LVA, LTU, SAU, EA19, ARG, CRI, BGR, HRV, CYP, MLT, ROU, MKD, MDG, MAR, ZMB, SRB, HKG, EU27_2020, ALB, SGP, GEO, CMR, SEN
AUS, 1.0, 1.4890222830773248, 1.4890222830773248, 1.0147848357177611, 0.05504167628719851, 0.19983219736774474, 1.4890222830773248, 1.4890222830773248, 1.4890222830773248, 1.4890222830773248, 0.004778339278897355, 0.011134813039561415, 1.4890222830773248, 1.4890222830773248, 0.012364906165751624, 0.0011589004688708118, 1.4890222830773248, 0.07207510821065814, 1.4890222830773248, 0.9364361915038025, 0.1601445238095238, 0.34118387950845885, 1.4890222830773248, 1.4890222830773248, 1.4890222830773248, 0.1571146060402766, 1.3651534310133813, 0.4454151883938963, 1.8163006289206274, 1.345214, 0.3853031796347105, 0.0019871462108529622, 0.20245593408541646, 0.00044029516357881743, 1.4890222830773248, 0.020019461774067486, 0.00010108062568750857, 0.3502644271015191, 0.020061073492184504, 1.4890222830773248, 0.09145136468938572, 0.09145136468938572, 1.4890222830773248, 1.4890222830773248, 0.3587237333333333, 1.4890222830773248, 0.09115043018530407, 0.0024694635297030035, 0.760849572578027, 1.4892052562243305, 1.4890222830773248, 1.4890222830773248, 0.33140018570239377, 0.024137311378752406, 0.00042348415343811184, 0.13716209960646347, 0.13050827067669174, 0.012088784964842508, 0.17330207092015845, 1.4890222830773248, 0.010836047284370784, 0.9737019252344836, 0.5683862721693479, 0.0022699987410682906, 0.0022699987410682906
AUT, 0.6715816219575473, 1.0, 1.0, 0.6815108459092573, 0.036964978236219054, 0.13420363122757073, 1.0, 1.0, 1.0, 1.0, 0.003209044843185343, 0.007477935801302704, 1.0, 1.0, 0.008304043738148354, 0.0007782962565716218, 1.0, 0.048404318074879535, 1.0, 0.6288933363498721, 0.10755011904761905, 0.2291328231860592, 1.0, 1.0, 1.0, 0.10551528195775002, 0.9168119554208773, 0.2991326546660994, 1.2197941223330282, 0.903421, 0.2587625343244791, 0.0013345308753514268, 0.13596568458801428, 0.00029569414009632586, 1.0, 0.01344470260894536, 6.788389054770073e-05, 0.2352311520668693, 0.013472648274090827, 1.0, 0.06141705582832884, 0.06141705582832884, 1.0, 1.0, 0.24091226666666668, 1.0, 0.061214953745974694, 0.001658446322642953, 0.510972590017658, 1.0001228814028407, 1.0, 1.0, 0.22256227423104602, 0.016210174725436906, 0.000284404174639286, 0.09211554532481141, 0.08764695609992725, 0.008118605814184944, 0.11638648587716191, 1.0, 0.007277290210846407, 0.653920318252161, 0.3817177745618946, 0.001524489436368233, 0.001524489436368233
BEL, 0.6715816219575473, 1.0, 1.0, 0.6815108459092573, 0.036964978236219054, 0.13420363122757073, 1.0, 1.0, 1.0, 1.0, 0.003209044843185343, 0.007477935801302704, 1.0, 1.0, 0.008304043738148354, 0.0007782962565716218, 1.0, 0.048404318074879535, 1.0, 0.6288933363498721, 0.10755011904761905, 0.2291328231860592, 1.0, 1.0, 1.0, 0.10551528195775002, 0.9168119554208773, 0.2991326546660994, 1.2197941223330282, 0.903421, 0.2587625343244791, 0.0013345308753514268, 0.13596568458801428, 0.00029569414009632586, 1.0, 0.01344470260894536, 6.788389054770073e-05, 0.2352311520668693, 0.013472648274090827, 1.0, 0.06141705582832884, 0.06141705582832884, 1.0, 1.0, 0.24091226666666668, 1.0, 0.061214953745974694, 0.001658446322642953, 0.510972590017658, 1.0001228814028407, 1.0, 1.0, 0.22256227423104602, 0.016210174725436906, 0.000284404174639286, 0.09211554532481141, 0.08764695609992725, 0.008118605814184944, 0.11638648587716191, 1.0, 0.007277290210846407, 0.653920318252161, 0.3817177745618946, 0.001524489436368233, 0.001524489436368233
CAN, 0.9854305708980133, 1.4673280784927514, 1.4673280784927514, 1.0, 0.05423975048687767, 0.19692075633590117, 1.4673280784927514, 1.4673280784927514, 1.4673280784927514, 1.4673280784927514, 0.004708721603548222, 0.010972585170417649, 1.4673280784927514, 1.4673280784927514, 0.012184756542016988, 0.0011420159506533394, 1.4673280784927514, 0.07102501503156494, 1.4673280784927514, 0.9227928508031534, 0.1578113095238095, 0.3362130251652196, 1.4673280784927514, 1.4673280784927514, 1.4673280784927514, 0.15482553592668621, 1.345263924886898, 0.4389257433856434, 1.7898381656796745, 1.325615, 0.3796895322762525, 0.0019581946250186587, 0.1995062667074825, 0.0004338803144091082, 1.4673280784927514, 0.019727789645090275, 9.960793867796996e-05, 0.3451612743639155, 0.019768795104230377, 1.4673280784927514, 0.0901189705152638, 0.0901189705152638, 1.4673280784927514, 1.4673280784927514, 0.35349733333333333, 1.4673280784927514, 0.0898224204551037, 0.002433484855887054, 0.7497644286730746, 1.4675083858254643, 1.4673280784927514, 1.4673280784927514, 0.3265718741924175, 0.023785644531907096, 0.0004173142310887804, 0.13516372612076746, 0.1286068396798448, 0.011912658269368073, 0.17077715868465973, 1.4673280784927514, 0.010678172261715368, 0.9595156440683119, 0.560105208674434, 0.0022369261553486968, 0.0022369261553486968
CZE, 18.16805132863619, 27.052633268431883, 27.052633268431883, 18.436662982841927, 1.0, 3.630561618891344, 27.052633268431883, 27.052633268431883, 27.052633268431883, 27.052633268431883, 0.08681311328464558, 0.20229785483751936, 27.052633268431883, 27.052633268431883, 0.2246462498931456, 0.021054963203225453, 27.052633268431883, 1.309464265488245, 27.052633268431883, 17.01322079323367, 2.9095139285714287, 6.198646235412905, 27.052633268431883, 27.052633268431883, 27.052633268431883, 2.854466227018199, 24.802177606114917, 8.092326005294467, 32.99864305446415, 24.439917, 7.00020794469015, 0.03610257435628153, 3.6782298022508315, 0.007999305131650222, 27.052633268431883, 0.3637146090829282, 0.0018364379958213173, 6.363622090175748, 0.3644706129135509, 27.052633268431883, 1.6614930877505871, 1.6614930877505871, 27.052633268431883, 27.052633268431883, 6.5173112, 27.052633268431883, 1.6560256942338738, 0.04486534016183927, 13.8231540879685, 27.055957533958445, 27.052633268431883, 27.052633268431883, 6.020895584160655, 0.4385279120644481, 0.007693881836527659, 2.491968065993738, 2.371080960465681, 0.21962966574210413, 3.1485609198363878, 27.052633268431883, 0.19686986326197717, 17.690266556451977, 10.32647096726489, 0.041241453643668234, 0.041241453643668234
DNK, 5.004198588477372, 7.451363207186904, 7.451363207186904, 5.078184842507063, 0.2754394787838273, 1.0, 7.451363207186904, 7.451363207186904, 7.451363207186904, 7.451363207186904, 0.023911758674724132, 0.05572081569553268, 7.451363207186904, 7.451363207186904, 0.06187644598130944, 0.005799368090509081, 7.451363207186904, 0.3606781547721294, 7.451363207186904, 4.686112667722455, 0.801395, 1.7073518882474639, 7.451363207186904, 7.451363207186904, 7.451363207186904, 0.7862326897759306, 6.8314988725322054, 2.2289460570471187, 9.089129043495168, 6.731718, 1.9281336276638616, 0.009944074263448554, 1.013129699579109, 0.002203324436094532, 7.451363207186904, 0.10018136235186523, 0.00050582752438784, 1.7527927516952575, 0.10038959565293053, 7.451363207186904, 0.4576407900929535, 0.4576407900929535, 7.451363207186904, 7.451363207186904, 1.7951248, 7.451363207186904, 0.45613485407240395, 0.01235768590963612, 3.8074423571385747, 7.4522788411508785, 7.451363207186904, 7.451363207186904, 1.6583923415130581, 0.12078789953119162, 0.0021191988028775345, 0.6863863852432573, 0.6530893039049236, 0.060494680657471364, 0.8672379786788624, 7.451363207186904, 0.05422573252512234, 4.872597799856103, 2.8443177808997664, 0.011359524495899352, 0.011359524495899352
FIN, 0.6715816219575473, 1.0, 1.0, 0.6815108459092573, 0.036964978236219054, 0.13420363122757073, 1.0, 1.0, 1.0, 1.0, 0.003209044843185343, 0.007477935801302704, 1.0, 1.0, 0.008304043738148354, 0.0007782962565716218, 1.0, 0.048404318074879535, 1.0, 0.6288933363498721, 0.10755011904761905, 0.2291328231860592, 1.0, 1.0, 1.0, 0.10551528195775002, 0.9168119554208773, 0.2991326546660994, 1.2197941223330282, 0.903421, 0.2587625343244791, 0.0013345308753514268, 0.13596568458801428, 0.00029569414009632586, 1.0, 0.01344470260894536, 6.788389054770073e-05, 0.2352311520668693, 0.013472648274090827, 1.0, 0.06141705582832884, 0.06141705582832884, 1.0, 1.0, 0.24091226666666668, 1.0, 0.061214953745974694, 0.001658446322642953, 0.510972590017658, 1.0001228814028407, 1.0, 1.0, 0.22256227423104602, 0.016210174725436906, 0.000284404174639286, 0.09211554532481141, 0.08764695609992725, 0.008118605814184944, 0.11638648587716191, 1.0, 0.007277290210846407, 0.653920318252161, 0.3817177745618946, 0.001524489436368233, 0.001524489436368233
FRA, 0.6715816219575473, 1.0, 1.0, 0.6815108459092573, 0.036964978236219054, 0.13420363122757073, 1.0, 1.0, 1.0, 1.0, 0.003209044843185343, 0.007477935801302704, 1.0, 1.0, 0.008304043738148354, 0.0007782962565716218, 1.0, 0.048404318074879535, 1.0, 0.6288933363498721, 0.10755011904761905, 0.2291328231860592, 1.0, 1.0, 1.0, 0.10551528195775002, 0.9168119554208773, 0.2991326546660994, 1.2197941223330282, 0.903421, 0.2587625343244791, 0.0013345308753514268, 0.13596568458801428, 0.00029569414009632586, 1.0, 0.01344470260894536, 6.788389054770073e-05, 0.2352311520668693, 0.013472648274090827, 1.0, 0.06141705582832884, 0.06141705582832884, 1.0, 1.0, 0.24091226666666668, 1.0, 0.061214953745974694, 0.001658446322642953, 0.510972590017658, 1.0001228814028407, 1.0, 1.0, 0.22256227423104602, 0.016210174725436906, 0.000284404174639286, 0.09211554532481141, 0.08764695609992725, 0.008118605814184944, 0.11638648587716191, 1.0, 0.007277290210846407, 0.653920318252161, 0.3817177745618946, 0.001524489436368233, 0.001524489436368233
DEU, 0.6715816219575473, 1.0, 1.0, 0.6815108459092573, 0.036964978236219054, 0.13420363122757073, 1.0, 1.0, 1.0, 1.0, 0.003209044843185343, 0.007477935801302704, 1.0, 1.0, 0.008304043738148354, 0.0007782962565716218, 1.0, 0.048404318074879535, 1.0, 0.6288933363498721, 0.10755011904761905, 0.2291328231860592, 1.0, 1.0, 1.0, 0.10551528195775002, 0.9168119554208773, 0.2991326546660994, 1.2197941223330282, 0.903421, 0.2587625343244791, 0.0013345308753514268, 0.13596568458801428, 0.00029569414009632586, 1.0, 0.01344470260894536, 6.788389054770073e-05, 0.2352311520668693, 0.013472648274090827, 1.0, 0.06141705582832884, 0.06141705582832884, 1.0, 1.0, 0.24091226666666668, 1.0, 0.061214953745974694, 0.001658446322642953, 0.510972590017658, 1.0001228814028407, 1.0, 1.0, 0.22256227423104602, 0.016210174725436906, 0.000284404174639286, 0.09211554532481141, 0.08764695609992725, 0.008118605814184944, 0.11638648587716191, 1.0, 0.007277290210846407, 0.653920318252161, 0.3817177745618946, 0.001524489436368233, 0.001524489436368233
GRC, 0.6715816219575473, 1.0, 1.0, 0.6815108459092573, 0.036964978236219054, 0.13420363122757073, 1.0, 1.0, 1.0, 1.0, 0.003209044843185343, 0.007477935801302704, 1.0, 1.0, 0.008304043738148354, 0.0007782962565716218, 1.0, 0.048404318074879535, 1.0, 0.6288933363498721, 0.10755011904761905, 0.2291328231860592, 1.0, 1.0, 1.0, 0.10551528195775002, 0.9168119554208773, 0.2991326546660994, 1.2197941223330282, 0.903421, 0.2587625343244791, 0.0013345308753514268, 0.13596568458801428, 0.00029569414009632586, 1.0, 0.01344470260894536, 6.788389054770073e-05, 0.2352311520668693, 0.013472648274090827, 1.0, 0.06141705582832884, 0.06141705582832884, 1.0, 1.0, 0.24091226666666668, 1.0, 0.061214953745974694, 0.001658446322642953, 0.510972590017658, 1.0001228814028407, 1.0, 1.0, 0.22256227423104602, 0.016210174725436906, 0.000284404174639286, 0.09211554532481141, 0.08764695609992725, 0.008118605814184944, 0.11638648587716191, 1.0, 0.007277290210846407, 0.653920318252161, 0.3817177745618946, 0.001524489436368233, 0.001524489436368233
HUN, 209.27773053209378, 311.61920411413945, 311.61920411413945, 212.37186739739667, 11.518997098067066, 41.820428752363064, 311.61920411413945, 311.61920411413945, 311.61920411413945, 311.61920411413945, 1.0, 2.330268402818578, 311.61920411413945, 311.61920411413945, 2.5876995006107935, 0.24253206003786287, 311.61920411413945, 15.083715074181615, 311.61920411413945, 195.97524094603293, 33.5146825, 71.4021879976656, 311.61920411413945, 311.61920411413945, 311.61920411413945, 32.88058818555308, 285.6962118705817, 93.21547977159962, 380.1112735845235, 281.523333, 80.63537500075186, 0.4158654492427575, 42.369518418151124, 0.0921439725980319, 311.61920411413945, 4.189627526550847, 0.021153923944645853, 73.30254438992992, 4.198335932481918, 311.61920411413945, 19.1387340562575, 19.1387340562575, 311.61920411413945, 311.61920411413945, 75.0728888, 311.61920411413945, 19.07575516620449, 0.5168037231280184, 159.22887182544306, 311.6574963190931, 311.61920411413945, 311.61920411413945, 69.3546787617114, 5.051401746491787, 0.08862580254783302, 28.70497292065767, 27.31247470288625, 2.5299134823327374, 36.26826409868273, 311.61920411413945, 2.2677433836115752, 203.7741291278032, 118.95058910519809, 0.4750601848414818, 0.4750601848414818
ISL, 89.80842304644466, 133.72674312419127, 133.72674312419127, 91.13622582725753, 4.943206149186186, 17.946614519503047, 133.72674312419127, 133.72674312419127, 133.72674312419127, 133.72674312419127, 0.429135115418657, 1.0, 133.72674312419127, 133.72674312419127, 1.1104727238634138, 0.10407902357707294, 133.72674312419127, 6.472951809301064, 133.72674312419127, 84.09985764257496, 14.382327142857143, 30.641186187522877, 133.72674312419127, 133.72674312419127, 133.72674312419127, 14.11021500604065, 122.60227685575516, 40.002035670590885, 163.1190952616272, 120.811548, 34.60347095777434, 0.17846246755942236, 18.182248176606198, 0.03954221431598999, 133.72674312419127, 1.7979162921675802, 0.00907789159354309, 31.456695847253805, 1.8016533749519228, 133.72674312419127, 8.213102848199044, 8.213102848199044, 133.72674312419127, 133.72674312419127, 32.2164128, 133.72674312419127, 8.186076394947207, 0.22177862537333382, 68.33070028879405, 133.74317565398368, 133.72674312419127, 133.72674312419127, 29.762528075230904, 2.1677338715067584, 0.03803244400543543, 12.318311867395852, 11.720741983992239, 1.0856747142400756, 15.563985700022545, 133.72674312419127, 0.9731683186660491, 87.44663442259613, 51.04587478477643, 0.20386500725275783, 0.20386500725275783
IRL, 0.6715816219575473, 1.0, 1.0, 0.6815108459092573, 0.036964978236219054, 0.13420363122757073, 1.0, 1.0, 1.0, 1.0, 0.003209044843185343, 0.007477935801302704, 1.0, 1.0, 0.008304043738148354, 0.0007782962565716218, 1.0, 0.048404318074879535, 1.0, 0.6288933363498721, 0.10755011904761905, 0.2291328231860592, 1.0, 1.0, 1.0, 0.10551528195775002, 0.9168119554208773, 0.2991326546660994, 1.2197941223330282, 0.903421, 0.2587625343244791, 0.0013345308753514268, 0.13596568458801428, 0.00029569414009632586, 1.0, 0.01344470260894536, 6.788389054770073e-05, 0.2352311520668693, 0.013472648274090827, 1.0, 0.06141705582832884, 0.06141705582832884, 1.0, 1.0, 0.24091226666666668, 1.0, 0.061214953745974694, 0.001658446322642953, 0.510972590017658, 1.0001228814028407, 1.0, 1.0, 0.22256227423104602, 0.016210174725436906, 0.000284404174639286, 0.09211554532481141, 0.08764695609992725, 0.008118605814184944, 0.11638648587716191, 1.0, 0.007277290210846407, 0.653920318252161, 0.3817177745618946, 0.001524489436368233, 0.001524489436368233
ITA, 0.6715816219575473, 1.0, 1.0, 0.6815108459092573, 0.036964978236219054, 0.13420363122757073, 1.0, 1.0, 1.0, 1.0, 0.003209044843185343, 0.007477935801302704, 1.0, 1.0, 0.008304043738148354, 0.0007782962565716218, 1.0, 0.048404318074879535, 1.0, 0.6288933363498721, 0.10755011904761905, 0.2291328231860592, 1.0, 1.0, 1.0, 0.10551528195775002, 0.9168119554208773, 0.2991326546660994, 1.2197941223330282, 0.903421, 0.2587625343244791, 0.0013345308753514268, 0.13596568458801428, 0.00029569414009632586, 1.0, 0.01344470260894536, 6.788389054770073e-05, 0.2352311520668693, 0.013472648274090827, 1.0, 0.06141705582832884, 0.06141705582832884, 1.0, 1.0, 0.24091226666666668, 1.0, 0.061214953745974694, 0.001658446322642953, 0.510972590017658, 1.0001228814028407, 1.0, 1.0, 0.22256227423104602, 0.016210174725436906, 0.000284404174639286, 0.09211554532481141, 0.08764695609992725, 0.008118605814184944, 0.11638648587716191, 1.0, 0.007277290210846407, 0.653920318252161, 0.3817177745618946, 0.001524489436368233, 0.001524489436368233
JPN, 80.87404680593572, 120.42325781667684, 120.42325781667684, 82.069756301792, 4.451443104328055, 16.161238483251974, 120.42325781667684, 120.42325781667684, 120.42325781667684, 120.42325781667684, 0.38644363449618585, 0.9005173909368333, 120.42325781667684, 120.42325781667684, 1.0, 0.09372497076287888, 120.42325781667684, 5.829005674971649, 120.42325781667684, 75.73338438245071, 12.951535714285715, 27.592921040797833, 120.42325781667684, 120.42325781667684, 120.42325781667684, 12.70649400279748, 110.40548247705995, 36.022528794242646, 146.8915820769773, 108.7929, 31.161027384253433, 0.1607085556667603, 16.373430689363406, 0.0356084516677004, 120.42325781667684, 1.6190548885455747, 0.008174799253024835, 28.327301671862514, 1.6224201965842457, 120.42325781667684, 7.396041948356078, 7.396041948356078, 120.42325781667684, 120.42325781667684, 29.01144, 120.42325781667684, 7.371704157187457, 0.19971550908675195, 61.53298394495154, 120.43805559553199, 120.42325781667684, 120.42325781667684, 26.801674129991184, 1.952082050214667, 0.03424887724672592, 11.092854063573544, 10.554731991268495, 0.9776689610735649, 14.015639795162485, 120.42325781667684, 0.8763549952675354, 78.74721507644335, 45.96769797927516, 0.18358398443457208, 0.18358398443457208
KOR, 862.886871531221, 1284.857779484869, 1284.857779484869, 875.644512169823, 47.494739855294924, 172.43257961786279, 1284.857779484869, 1284.857779484869, 1284.857779484869, 1284.857779484869, 4.1231662314824895, 9.608083988792197, 1284.857779484869, 1284.857779484869, 10.669515198142525, 1.0, 1284.857779484869, 62.19266463916903, 1284.857779484869, 808.0384956753276, 138.18660714285713, 294.40309040593917, 1284.857779484869, 1284.857779484869, 1284.857779484869, 135.57213087795455, 1177.9729732472492, 384.3429184456986, 1567.2619674495093, 1160.7675, 332.4730552660274, 1.7146823771580328, 174.6965675858961, 0.379924916250853, 1284.857779484869, 17.27453073996396, 0.08722114487191265, 302.23857571030527, 17.310436945228993, 1284.857779484869, 78.91218197408483, 78.91218197408483, 1284.857779484869, 1284.857779484869, 309.53799999999995, 1284.857779484869, 78.652509541322, 2.1308676595058715, 656.5271073877204, 1285.015664611263, 1284.857779484869, 1284.857779484869, 285.9608694656043, 20.827769102786608, 0.3654189163032599, 118.355375022075, 112.61387339316032, 10.431253838926613, 149.5400818061773, 1284.857779484869, 9.350282940975088, 840.1946080695105, 490.45305221350173, 1.9587521120602276, 1.9587521120602276
LUX, 0.6715816219575473, 1.0, 1.0, 0.6815108459092573, 0.036964978236219054, 0.13420363122757073, 1.0, 1.0, 1.0, 1.0, 0.003209044843185343, 0.007477935801302704, 1.0, 1.0, 0.008304043738148354, 0.0007782962565716218, 1.0, 0.048404318074879535, 1.0, 0.6288933363498721, 0.10755011904761905, 0.2291328231860592, 1.0, 1.0, 1.0, 0.10551528195775002, 0.9168119554208773, 0.2991326546660994, 1.2197941223330282, 0.903421, 0.2587625343244791, 0.0013345308753514268, 0.13596568458801428, 0.00029569414009632586, 1.0, 0.01344470260894536, 6.788389054770073e-05, 0.2352311520668693, 0.013472648274090827, 1.0, 0.06141705582832884, 0.06141705582832884, 1.0, 1.0, 0.24091226666666668, 1.0, 0.061214953745974694, 0.001658446322642953, 0.510972590017658, 1.0001228814028407, 1.0, 1.0, 0.22256227423104602, 0.016210174725436906, 0.000284404174639286, 0.09211554532481141, 0.08764695609992725, 0.008118605814184944, 0.11638648587716191, 1.0, 0.007277290210846407, 0.653920318252161, 0.3817177745618946, 0.001524489436368233, 0.001524489436368233
MEX, 13.874415520504545, 20.65931387470515, 20.65931387470515, 14.07954647465516, 0.7636710877536941, 2.7725549406555654, 20.65931387470515, 20.65931387470515, 20.65931387470515, 20.65931387470515, 0.06629666465336996, 0.1544890228540073, 20.65931387470515, 20.65931387470515, 0.17155584601568669, 0.016079066652021187, 20.65931387470515, 1.0, 20.65931387470515, 12.992504829362524, 2.2219116666666667, 4.733726913198114, 20.65931387470515, 20.65931387470515, 20.65931387470515, 2.179873328543171, 18.94070595112209, 6.1798754029207315, 25.20010963579852, 18.664058, 5.345856415623578, 0.02757049222937014, 2.8089577540929476, 0.006108838051161032, 20.65931387470515, 0.2777583311502694, 0.0014024346018610793, 4.8597142036579495, 0.27833566941794696, 20.65931387470515, 1.2688342336177347, 1.2688342336177347, 20.65931387470515, 20.65931387470515, 4.977082133333334, 20.65931387470515, 1.2646589432636488, 0.03426236312383129, 10.556343118545827, 20.6618525201758, 20.65931387470515, 20.65931387470515, 4.597983880007381, 0.33489108761661335, 0.005875595111149467, 1.9030439636049072, 1.8107259762309, 0.16772482574025288, 2.404464942510226, 20.65931387470515, 0.15034382262319512, 13.509545103818477, 7.8860273162281205, 0.03149490576460367, 0.03149490576460367
NLD, 0.6715816219575473, 1.0, 1.0, 0.6815108459092573, 0.036964978236219054, 0.13420363122757073, 1.0, 1.0, 1.0, 1.0, 0.003209044843185343, 0.007477935801302704, 1.0, 1.0, 0.008304043738148354, 0.0007782962565716218, 1.0, 0.048404318074879535, 1.0, 0.6288933363498721, 0.10755011904761905, 0.2291328231860592, 1.0, 1.0, 1.0, 0.10551528195775002, 0.9168119554208773, 0.2991326546660994, 1.2197941223330282, 0.903421, 0.2587625343244791, 0.0013345308753514268, 0.13596568458801428, 0.00029569414009632586, 1.0, 0.01344470260894536, 6.788389054770073e-05, 0.2352311520668693, 0.013472648274090827, 1.0, 0.06141705582832884, 0.06141705582832884, 1.0, 1.0, 0.24091226666666668, 1.0, 0.061214953745974694, 0.001658446322642953, 0.510972590017658, 1.0001228814028407, 1.0, 1.0, 0.22256227423104602, 0.016210174725436906, 0.000284404174639286, 0.09211554532481141, 0.08764695609992725, 0.008118605814184944, 0.11638648587716191, 1.0, 0.007277290210846407, 0.653920318252161, 0.3817177745618946, 0.001524489436368233, 0.001524489436368233
NZL, 1.0678784193444315, 1.5900947620212504, 1.5900947620212504, 1.0836668263409814, 0.05877781827164143, 0.21339649105919173, 1.5900947620212504, 1.5900947620212504, 1.5900947620212504, 1.5900947620212504, 0.005102685396240318, 0.01189062654838261, 1.5900947620212504, 1.5900947620212504, 0.01320421645162506, 0.001237564800875283, 1.5900947620212504, 0.07696745263007648, 1.5900947620212504, 1.0, 0.17101488095238096, 0.364342901955294, 1.5900947620212504, 1.5900947620212504, 1.5900947620212504, 0.16777929715421366, 1.4578178880731971, 0.4756492673340762, 1.9395882446660564, 1.436525, 0.4114569504366982, 0.002122030554651938, 0.21619832287803495, 0.00047018170332754547, 1.5900947620212504, 0.021378351195417457, 0.0001079418187855228, 0.3740398227657531, 0.021422787451186462, 1.5900947620212504, 0.0976589387713924, 0.0976589387713924, 1.5900947620212504, 1.5900947620212504, 0.3830733333333333, 1.5900947620212504, 0.09733757730884747, 0.0026370868107279642, 0.8124948389235098, 1.5902901550962572, 1.5900947620212504, 1.5900947620212504, 0.35389510647832334, 0.02577571392236648, 0.00045222958839090556, 0.1464724461217137, 0.1393669658016008, 0.012909352580050748, 0.18506554156333538, 1.5900947620212504, 0.011571581045975391, 1.0397952728320303, 0.606967433901277, 0.0024240826675258555, 0.0024240826675258555
NOR, 6.244359633485825, 9.297990637808951, 9.297990637808951, 6.336681464829533, 0.34370002156717633, 1.2478241067139177, 9.297990637808951, 9.297990637808951, 9.297990637808951, 9.297990637808951, 0.02983766890824641, 0.0695297770706489, 9.297990637808951, 9.297990637808951, 0.07721092093325943, 0.007236591307044693, 9.297990637808951, 0.4500628962897565, 9.297990637808951, 5.847444353561547, 1.0, 2.1304748447987123, 9.297990637808951, 9.297990637808951, 9.297990637808951, 0.9810801037889314, 8.524508978134635, 2.78133262254833, 11.341634329506881, 8.4, 2.4059716215647238, 0.012408455584884551, 1.2642076623626415, 0.002749361346270606, 9.297990637808951, 0.12500871898609953, 0.0006311837787705689, 2.1871770496387644, 0.1252685575189894, 9.297990637808951, 0.5710552100935912, 0.5710552100935912, 9.297990637808951, 9.297990637808951, 2.24, 9.297990637808951, 0.5691760668239807, 0.01542021838124286, 4.751018358161176, 9.299133187942125, 9.297990637808951, 9.297990637808951, 2.069381942129734, 0.1507220528343596, 0.002644387353149863, 0.8564894780267626, 0.8149405772495757, 0.07548672085235292, 1.082160456053335, 9.297990637808951, 0.06766417624906862, 6.080144996981643, 3.5492082941617635, 0.014174688506790475, 0.014174688506790475
POL, 2.930970834380255, 4.364280883441939, 4.364280883441939, 2.9743047566601164, 0.16132554787317813, 0.5857023422549786, 4.364280883441939, 4.364280883441939, 4.364280883441939, 4.364280883441939, 0.014005173063221727, 0.03263581226523146, 4.364280883441939, 4.364280883441939, 0.036241179341666596, 0.0033967034742099517, 4.364280883441939, 0.21125004005023987, 4.364280883441939, 2.744667165555768, 0.46937892857142854, 1.0, 4.364280883441939, 4.364280883441939, 4.364280883441939, 0.46049832795919454, 4.001224890754358, 1.3054989263724968, 5.323524169832873, 3.942783, 1.1293123819033126, 0.005824267587659269, 0.5933924380515669, 0.0012904922829681973, 4.364280883441939, 0.058676458579782195, 0.00029626436581099523, 1.0266148201554615, 0.05879842131195162, 4.364280883441939, 0.26804128266886185, 0.26804128266886185, 4.364280883441939, 4.364280883441939, 1.0514088, 4.364280883441939, 0.26715925241433985, 0.007237925582125221, 2.23002790657688, 4.364817172399287, 4.364280883441939, 4.364280883441939, 0.9713242788019165, 0.07074575567147796, 0.0012412197025493184, 0.4020181135289039, 0.38251593499878733, 0.03543187615504793, 0.507943315404683, 4.364280883441939, 0.03176013855045613, 2.853891944242175, 1.6659235863904762, 0.006653300104151056, 0.006653300104151056
PRT, 0.6715816219575473, 1.0, 1.0, 0.6815108459092573, 0.036964978236219054, 0.13420363122757073, 1.0, 1.0, 1.0, 1.0, 0.003209044843185343, 0.007477935801302704, 1.0, 1.0, 0.008304043738148354, 0.0007782962565716218, 1.0, 0.048404318074879535, 1.0, 0.6288933363498721, 0.10755011904761905, 0.2291328231860592, 1.0, 1.0, 1.0, 0.10551528195775002, 0.9168119554208773, 0.2991326546660994, 1.2197941223330282, 0.903421, 0.2587625343244791, 0.0013345308753514268, 0.13596568458801428, 0.00029569414009632586, 1.0, 0.01344470260894536, 6.788389054770073e-05, 0.2352311520668693, 0.013472648274090827, 1.0, 0.06141705582832884, 0.06141705582832884, 1.0, 1.0, 0.24091226666666668, 1.0, 0.061214953745974694, 0.001658446322642953, 0.510972590017658, 1.0001228814028407, 1.0, 1.0, 0.22256227423104602, 0.016210174725436906, 0.000284404174639286, 0.09211554532481141, 0.08764695609992725, 0.008118605814184944, 0.11638648587716191, 1.0, 0.007277290210846407, 0.653920318252161, 0.3817177745618946, 0.001524489436368233, 0.001524489436368233
SVK, 0.6715816219575473, 1.0, 1.0, 0.6815108459092573, 0.036964978236219054, 0.13420363122757073, 1.0, 1.0, 1.0, 1.0, 0.003209044843185343, 0.007477935801302704, 1.0, 1.0, 0.008304043738148354, 0.0007782962565716218, 1.0, 0.048404318074879535, 1.0, 0.6288933363498721, 0.10755011904761905, 0.2291328231860592, 1.0, 1.0, 1.0, 0.10551528195775002, 0.9168119554208773, 0.2991326546660994, 1.2197941223330282, 0.903421, 0.2587625343244791, 0.0013345308753514268, 0.13596568458801428, 0.00029569414009632586, 1.0, 0.01344470260894536, 6.788389054770073e-05, 0.2352311520668693, 0.013472648274090827, 1.0, 0.06141705582832884, 0.06141705582832884, 1.0, 1.0, 0.24091226666666668, 1.0, 0.061214953745974694, 0.001658446322642953, 0.510972590017658, 1.0001228814028407, 1.0, 1.0, 0.22256227423104602, 0.016210174725436906, 0.000284404174639286, 0.09211554532481141, 0.08764695609992725, 0.008118605814184944, 0.11638648587716191, 1.0, 0.007277290210846407, 0.653920318252161, 0.3817177745618946, 0.001524489436368233, 0.001524489436368233
ESP, 0.6715816219575473, 1.0, 1.0, 0.6815108459092573, 0.036964978236219054, 0.13420363122757073, 1.0, 1.0, 1.0, 1.0, 0.003209044843185343, 0.007477935801302704, 1.0, 1.0, 0.008304043738148354, 0.0007782962565716218, 1.0, 0.048404318074879535, 1.0, 0.6288933363498721, 0.10755011904761905, 0.2291328231860592, 1.0, 1.0, 1.0, 0.10551528195775002, 0.9168119554208773, 0.2991326546660994, 1.2197941223330282, 0.903421, 0.2587625343244791, 0.0013345308753514268, 0.13596568458801428, 0.00029569414009632586, 1.0, 0.01344470260894536, 6.788389054770073e-05, 0.2352311520668693, 0.013472648274090827, 1.0, 0.06141705582832884, 0.06141705582832884, 1.0, 1.0, 0.24091226666666668, 1.0, 0.061214953745974694, 0.001658446322642953, 0.510972590017658, 1.0001228814028407, 1.0, 1.0, 0.22256227423104602, 0.016210174725436906, 0.000284404174639286, 0.09211554532481141, 0.08764695609992725, 0.008118605814184944, 0.11638648587716191, 1.0, 0.007277290210846407, 0.653920318252161, 0.3817177745618946, 0.001524489436368233, 0.001524489436368233
SWE, 6.364780622265306, 9.477300173451802, 9.477300173451802, 6.4588828581450874, 0.35032819464976084, 1.2718880975109177, 9.477300173451802, 9.477300173451802, 9.477300173451802, 9.477300173451802, 0.030413081248935058, 0.07087064226674755, 9.477300173451802, 9.477300173451802, 0.07869991515990474, 0.007376147247403119, 9.477300173451802, 0.45874225208687197, 9.477300173451802, 5.9602109256713245, 1.0192847619047618, 2.17156054492474, 9.477300173451802, 9.477300173451802, 9.477300173451802, 1.0, 8.688902104132966, 2.8349699599521214, 11.560355047162297, 8.561992, 2.452370211436213, 0.012647749696444862, 1.2885876061294808, 0.00280238212522359, 9.477300173451802, 0.12741948236776574, 0.0006433560076623072, 2.2293562382846073, 0.1276843318248961, 9.477300173451802, 0.5820678738547198, 0.5820678738547198, 9.477300173451802, 9.477300173451802, 2.283197866666667, 9.477300173451802, 0.58015249175457, 0.01571759362124456, 4.842640616003466, 9.478464757392258, 9.477300173451802, 9.477300173451802, 2.10928948017372, 0.15362869173706717, 0.0026953837336393216, 0.8730066736844424, 0.8306565122483629, 0.07694246429096177, 1.1030296627910723, 9.477300173451802, 0.06896906377751374, 6.197399145594863, 3.617653931065079, 0.014448043999718094, 0.014448043999718094
CHE, 0.7325183948427537, 1.0907362126848943, 1.0907362126848943, 0.7433485589707419, 0.04031904036335311, 0.14638076045372073, 1.0907362126848943, 1.0907362126848943, 1.0907362126848943, 1.0907362126848943, 0.003500221418591972, 0.00815645537461369, 1.0907362126848943, 1.0907362126848943, 0.009057521216917648, 0.0008489159112397617, 1.0907362126848943, 0.05279634257458908, 1.0907362126848943, 0.6859567358730269, 0.11730880952380952, 0.24992346776375976, 1.0907362126848943, 1.0907362126848943, 1.0907362126848943, 0.11508933902297502, 1.0, 0.32627481884087967, 1.330473621248822, 0.985394, 0.28224166667382733, 0.0014556211526918722, 0.1483026958626396, 0.000322524306481783, 1.0907362126848943, 0.01466462400435578, 7.4043417678315e-05, 0.25657513591092146, 0.014695105353317507, 1.0907362126848943, 0.06698980686844812, 0.06698980686844812, 1.0907362126848943, 1.0907362126848943, 0.2627717333333333, 1.0907362126848943, 0.06676936680856542, 0.001808927460900765, 0.5573363076216515, 1.0908702438808382, 1.0907362126848943, 1.0907362126848943, 0.242756732081308, 0.017681024586983448, 0.00031020993231782807, 0.10047376103698852, 0.09559970894979385, 0.008855257358045649, 0.12694695481335952, 1.0907362126848943, 0.007937603963187465, 0.7132545713280629, 0.41635339974014723, 0.0016628158341024158, 0.0016628158341024158
TUR, 2.2450963192473465, 3.3429984470141823, 3.3429984470141823, 2.278289699497969, 0.12357386483759333, 0.44864253077743305, 3.3429984470141823, 3.3429984470141823, 3.3429984470141823, 3.3429984470141823, 0.010727831927167471, 0.024998727770626693, 3.3429984470141823, 3.3429984470141823, 0.027760405320567793, 0.0026018431770358837, 3.3429984470141823, 0.1618155601531028, 3.3429984470141823, 2.1023894467551902, 0.35953988095238093, 0.7659906720709712, 3.3429984470141823, 3.3429984470141823, 3.3429984470141823, 0.3527374237210219, 3.064900943176029, 1.0, 4.0777698566363405, 3.020135, 0.8650427503921877, 0.004461334643792297, 0.4545330724249519, 0.0009885050511332114, 3.3429984470141823, 0.044945619942271864, 0.00022693574067824426, 0.786377376048901, 0.045039042257453935, 3.3429984470141823, 0.20531712225428664, 0.20531712225428664, 3.3429984470141823, 3.3429984470141823, 0.8053693333333333, 3.3429984470141823, 0.2046414953068384, 0.005544183481051773, 1.7081805748958452, 3.343409239353046, 3.3429984470141823, 3.3429984470141823, 0.7440253371183314, 0.05419058893296412, 0.0009507627141434834, 0.3079421249667091, 0.293003638127577, 0.02714048662874058, 0.38907984154079034, 3.3429984470141823, 0.02432796987333105, 2.186054608387994, 1.2760819275581234, 0.00509636581826853, 0.00509636581826853
GBR, 0.5505696491413262, 0.8198104759574993, 0.8198104759574993, 0.5587097309550662, 0.030304276401593343, 0.11002154279189949, 0.8198104759574993, 0.8198104759574993, 0.8198104759574993, 0.8198104759574993, 0.002630808580260735, 0.006130490108445593, 0.8198104759574993, 0.8198104759574993, 0.006807742049343294, 0.0006380554245359213, 0.8198104759574993, 0.03968236703936518, 0.8198104759574993, 0.5155733453994883, 0.08817071428571428, 0.18784548883364874, 0.8198104759574993, 0.8198104759574993, 0.8198104759574993, 0.08650253352257278, 0.7516120455371151, 0.24523208399624521, 1.0, 0.740634, 0.21213623642451995, 0.0010940623921018315, 0.11146609259598722, 0.00024241315373021237, 0.8198104759574993, 0.011022108044946528, 5.5651924619757325e-05, 0.19284496273597102, 0.011045018193990381, 0.8198104759574993, 0.050350345770530575, 0.050350345770530575, 0.8198104759574993, 0.8198104759574993, 0.1975024, 0.8198104759574993, 0.050184660366203816, 0.0013596116691158837, 0.4189006822236124, 0.8199112154188485, 0.8198104759574993, 0.8198104759574993, 0.18245888396753732, 0.013289271057014655, 0.0002331575217753328, 0.07551728905581824, 0.0718538927965074, 0.0066557180966382795, 0.09541486038197688, 0.8198104759574993, 0.005965998751434843, 0.5360907273445835, 0.3129362304450242, 0.001249792410421221, 0.001249792410421221
USA, 0.7433761468435506, 1.1069036473582083, 1.1069036473582083, 0.7543668410511347, 0.04091666923418766, 0.148550488894514, 1.1069036473582083, 1.1069036473582083, 1.1069036473582083, 1.1069036473582083, 0.003552103441457906, 0.008277354413172488, 1.1069036473582083, 1.1069036473582083, 0.009191776301578504, 0.0008614989651243682, 1.1069036473582083, 0.05357891622497101, 1.1069036473582083, 0.6961243278049459, 0.11904761904761904, 0.2536279577141324, 1.1069036473582083, 1.1069036473582083, 1.1069036473582083, 0.11679525045106326, 1.0148224973969804, 0.3311110264938488, 1.3501945630365335, 1.0, 0.2864251930434195, 0.0014771970934386368, 0.15050091218602876, 0.00032730492217507214, 1.1069036473582083, 0.014881990355488038, 7.514092604411533e-05, 0.260378220195091, 0.014912923514165406, 1.1069036473582083, 0.0679827631063799, 0.0679827631063799, 1.1069036473582083, 1.1069036473582083, 0.26666666666666666, 1.1069036473582083, 0.06775905557428341, 0.0018357402834812927, 0.565597423590616, 1.1070396652312053, 1.1069036473582083, 1.1069036473582083, 0.24635499311068262, 0.017943101527899952, 0.00031480801823212655, 0.10196303309842411, 0.09701673538685424, 0.00898651438718487, 0.12882862572063514, 1.1069036473582083, 0.008055259077270073, 0.7238267853549575, 0.42252479692401945, 0.0016874629174750565, 0.0016874629174750565
BRA, 2.595358805364797, 3.8645470937691284, 3.8645470937691284, 2.6337307589307604, 0.14285289921401942, 0.5186362530337724, 3.8645470937691284, 3.8645470937691284, 3.8645470937691284, 3.8645470937691284, 0.012401504922506726, 0.028898835068316482, 3.8645470937691284, 3.8645470937691284, 0.032091368094792946, 0.0030077625364252534, 3.8645470937691284, 0.1870607667421522, 3.8645470937691284, 2.430387915281669, 0.41563249999999996, 0.8854945859308007, 3.8645470937691284, 3.8645470937691284, 3.8645470937691284, 0.407768776238053, 3.5430629778545435, 1.1560122312413188, 4.713951830458769, 3.491313, 1.0, 0.005157357415884528, 0.5254457912269406, 0.0011427239297538176, 3.8645470937691284, 0.05195768639399001, 0.00026234049192985846, 0.9090618650839837, 0.05206568373301137, 3.8645470937691284, 0.2373491046092245, 0.2373491046092245, 3.8645470937691284, 3.8645470937691284, 0.9310168, 3.8645470937691284, 0.2365680715942181, 0.0064091439163419224, 1.9746776377484245, 3.865021974737355, 3.8645470937691284, 3.8645470937691284, 0.8601023900622367, 0.06264498362467696, 0.0010990933265580603, 0.3559848629759583, 0.33871578947368425, 0.031374734504665575, 0.4497810557505878, 3.8645470937691284, 0.02812343073484101, 2.5271058654579726, 1.475166316323189, 0.005891461220798592, 0.005891461220798592
CHL, 503.2342333636135, 749.326987085755, 749.326987085755, 510.674468831448, 27.69885576943653, 100.56240264372333, 749.326987085755, 749.326987085755, 749.326987085755, 749.326987085755, 2.4046239037671526, 5.6034191036108565, 749.326987085755, 749.326987085755, 6.222444074935036, 0.5831983889969352, 749.326987085755, 36.270661824990036, 749.326987085755, 471.246748925358, 80.59020666666666, 171.69540804046278, 749.326987085755, 749.326987085755, 749.326987085755, 79.06544832090475, 686.9919402797257, 224.1481708599119, 914.024654552721, 676.957736, 193.8977502160362, 1.0, 101.88275677938883, 0.22157159909729301, 749.326987085755, 10.074478498225018, 0.05086723117576775, 176.26505044697825, 10.095418939290576, 749.326987085755, 46.021457399519264, 46.021457399519264, 749.326987085755, 749.326987085755, 180.52206293333333, 749.326987085755, 45.870016855065074, 1.242718586189494, 382.8855513613364, 749.4190654371146, 749.326987085755, 749.326987085755, 166.77191838850328, 12.146721387145293, 0.2131117232970671, 69.02466404200224, 65.67622954159593, 6.0834904340800975, 87.21153479983252, 749.326987085755, 5.453069947842197, 490.0001418700499, 286.03142992954395, 1.142341076197869, 1.142341076197869
CHN, 4.939346453426742, 7.354796932991374, 7.354796932991374, 5.012373879293762, 0.2718699085598368, 0.9870404553488427, 7.354796932991374, 7.354796932991374, 7.354796932991374, 7.354796932991374, 0.023601873170491346, 0.054998699296527516, 7.354796932991374, 7.354796932991374, 0.061074555416759733, 0.005724210920791632, 7.354796932991374, 0.35600393012066295, 7.354796932991374, 4.625382781364752, 0.7910092857142857, 1.685225385216483, 7.354796932991374, 7.354796932991374, 7.354796932991374, 0.7760434721265799, 6.742965757859293, 2.2000599310957956, 8.971338069815861, 6.644478, 1.903145893822754, 0.009815203589016967, 1.0, 0.002174770354683979, 7.354796932991374, 0.09888305751325245, 0.0004992722299997515, 1.7300773557654379, 0.09908859220555474, 7.354796932991374, 0.4517099738395529, 0.4517099738395529, 7.354796932991374, 7.354796932991374, 1.7718608, 7.354796932991374, 0.45022355406410347, 0.012197535927305214, 3.7580996379045297, 7.355700700756109, 7.354796932991374, 7.354796932991374, 1.6369003319140822, 0.11922254335389763, 0.0020917349513669635, 0.6774911302357508, 0.6446255639097745, 0.05971069714233336, 0.8559989693709943, 7.354796932991374, 0.0535229917232213, 4.8094511511017375, 2.807456717616115, 0.01121231023097883, 0.01121231023097883
COL, 2271.2036895244923, 3381.872903109403, 3381.872903109403, 2304.7830629556847, 125.01085826109802, 453.8596239474084, 3381.872903109403, 3381.872903109403, 3381.872903109403, 3381.872903109403, 10.852581800031475, 25.289428457617312, 3381.872903109403, 3381.872903109403, 28.083220504279232, 2.6320990206910517, 3381.872903109403, 163.6972516909238, 3381.872903109403, 2126.8373331477, 363.7208333333333, 774.8980859458916, 3381.872903109403, 3381.872903109403, 3381.872903109403, 356.8392729168633, 3100.541509284611, 1011.6286192504641, 4125.188689690184, 3055.255, 875.1020031718726, 4.513213805713862, 459.8186644609253, 1.0, 3381.872903109403, 45.46827544355661, 0.22957469000091363, 795.5218591421527, 45.56278413127143, 3381.872903109403, 207.70467689458272, 207.70467689458272, 3381.872903109403, 3381.872903109403, 814.7346666666667, 3381.872903109403, 207.02119333860725, 5.608654679807637, 1728.044356412348, 3382.2884723959664, 3381.872903109403, 3381.872903109403, 752.6773244763787, 54.82075065862397, 0.9618187717437958, 311.52306668912576, 296.41086587436337, 27.456093014018514, 393.6043028760991, 3381.872903109403, 24.610870572124778, 2211.4754050896604, 1290.9209984260951, 5.155629515930254, 5.155629515930254
EST, 0.6715816219575473, 1.0, 1.0, 0.6815108459092573, 0.036964978236219054, 0.13420363122757073, 1.0, 1.0, 1.0, 1.0, 0.003209044843185343, 0.007477935801302704, 1.0, 1.0, 0.008304043738148354, 0.0007782962565716218, 1.0, 0.048404318074879535, 1.0, 0.6288933363498721, 0.10755011904761905, 0.2291328231860592, 1.0, 1.0, 1.0, 0.10551528195775002, 0.9168119554208773, 0.2991326546660994, 1.2197941223330282, 0.903421, 0.2587625343244791, 0.0013345308753514268, 0.13596568458801428, 0.00029569414009632586, 1.0, 0.01344470260894536, 6.788389054770073e-05, 0.2352311520668693, 0.013472648274090827, 1.0, 0.06141705582832884, 0.06141705582832884, 1.0, 1.0, 0.24091226666666668, 1.0, 0.061214953745974694, 0.001658446322642953, 0.510972590017658, 1.0001228814028407, 1.0, 1.0, 0.22256227423104602, 0.016210174725436906, 0.000284404174639286, 0.09211554532481141, 0.08764695609992725, 0.008118605814184944, 0.11638648587716191, 1.0, 0.007277290210846407, 0.653920318252161, 0.3817177745618946, 0.001524489436368233, 0.001524489436368233
IND, 49.95139286388634, 74.37873704507643, 74.37873704507643, 50.68991600125225, 2.74940839610871, 9.981896597569893, 74.37873704507643, 74.37873704507643, 74.37873704507643, 74.37873704507643, 0.23868470255714117, 0.5561994206050567, 74.37873704507643, 74.37873704507643, 0.61764428561055, 0.057888692610708004, 74.37873704507643, 3.6002520459377054, 74.37873704507643, 46.77629209376794, 7.999442023809523, 17.04261000415189, 74.37873704507643, 74.37873704507643, 74.37873704507643, 7.848093410972586, 68.19131535203178, 22.249109063005463, 90.7267462741381, 67.195313, 19.246430497637995, 0.09926072105629945, 10.112955901125716, 0.021993356691994613, 74.37873704507643, 1.0, 0.0050491180446441825, 17.496196004392058, 1.0020785632794045, 74.37873704507643, 4.56812304553805, 4.56812304553805, 74.37873704507643, 74.37873704507643, 17.918750133333333, 74.37873704507643, 4.553090947898368, 0.1233531429352342, 38.00549591016503, 74.38787680862606, 74.37873704507643, 74.37873704507643, 16.553900871185164, 1.2056923233580157, 0.02115362332001745, 6.851437923477968, 6.519069900557847, 0.6038516470258906, 8.656679828657929, 74.37873704507643, 0.5412756549932537, 48.63776739971018, 28.391685979570923, 0.1133895989156296, 0.1133895989156296
IDN, 9893.092699005512, 14731.035477368801, 14731.035477368801, 10039.36044930089, 544.5324058179084, 1976.958452805064, 14731.035477368801, 14731.035477368801, 14731.035477368801, 14731.035477368801, 47.27255343343069, 110.15773758647642, 14731.035477368801, 14731.035477368801, 122.32716291228563, 11.465109767459893, 14731.035477368801, 713.0457268188943, 14731.035477368801, 9264.250049250795, 1584.324619285714, 3375.3637473835106, 14731.035477368801, 14731.035477368801, 14731.035477368801, 1554.3493619241876, 13505.589441380807, 4406.53374832582, 17968.830491173776, 13308.326802, 3811.8400733477633, 19.65902167044591, 2002.9153233707748, 4.355880868209036, 14731.035477368801, 198.05439111504697, 1.0, 3465.198446479387, 198.4660596997435, 14731.035477368801, 904.7368283226524, 904.7368283226524, 14731.035477368801, 14731.035477368801, 3548.8871472, 14731.035477368801, 901.7596553774433, 24.430631616165165, 7527.155351513143, 14732.845647673557, 14731.035477368801, 14731.035477368801, 3278.5727576214226, 238.7926589747581, 4.189567986523114, 1356.9573661969705, 1291.1304197914142, 119.59547027553101, 1714.493452542755, 14731.035477368801, 107.2020202750871, 9632.92340754488, 5623.098079413535, 22.45730797201441, 22.45730797201441
ISR, 2.8549858981544944, 4.251137620223572, 4.251137620223572, 2.8971963956352336, 0.15714320961073638, 0.570518105482137, 4.251137620223572, 4.251137620223572, 4.251137620223572, 4.251137620223572, 0.013642091257849666, 0.03178973420653463, 4.251137620223572, 4.251137620223572, 0.03530163273522445, 0.0033086444959907996, 4.251137620223572, 0.20577341754938824, 4.251137620223572, 2.673512121264858, 0.4572103571428571, 0.9740751646742922, 4.251137620223572, 4.251137620223572, 4.251137620223572, 0.44855998463908864, 3.8974937943604284, 1.2716540816884014, 5.185512682377531, 3.840567, 1.1000351443711864, 0.005673274409556345, 0.5780088368115599, 0.0012570364830431502, 4.251137620223572, 0.05715528105360563, 0.0002885837609144699, 1.0, 0.057274081922027695, 4.251137620223572, 0.26109235655518015, 0.26109235655518015, 4.251137620223572, 4.251137620223572, 1.0241512, 4.251137620223572, 0.2602331927897589, 0.007050283553308898, 2.1722148003271418, 4.251660005978015, 4.251137620223572, 4.251137620223572, 0.946142856826115, 0.06891168360570214, 0.0012090412861577035, 0.39159586013771536, 0.37259927237448465, 0.03451331060044744, 0.4947749685980225, 4.251137620223572, 0.03093676218861389, 2.779905265550333, 1.6227347917480905, 0.006480814394578425, 0.006480814394578425
RUS, 49.847781096539286, 74.22445681470764, 74.22445681470764, 50.58477235094654, 2.7437054307508486, 9.961191630427775, 74.22445681470764, 74.22445681470764, 74.22445681470764, 74.22445681470764, 0.23818961037947076, 0.5550457229469486, 74.22445681470764, 74.22445681470764, 0.6163631358296359, 0.05776861688494897, 74.22445681470764, 3.5927842165942687, 74.22445681470764, 46.67926628495849, 7.982849166666666, 17.007259339405692, 74.22445681470764, 74.22445681470764, 74.22445681470764, 7.831814488964717, 68.04986939234458, 22.20295880813275, 90.53855615594206, 67.055933, 19.206508554231604, 0.09905482932541597, 10.091979083985226, 0.02194773693194185, 74.22445681470764, 0.9979257481842521, 0.005038644902372153, 17.459904488061266, 1.0, 74.22445681470764, 4.558647608016282, 4.558647608016282, 74.22445681470764, 74.22445681470764, 17.881582133333332, 74.22445681470764, 4.543646690732424, 0.12309727745452256, 37.92666294126497, 74.23357762008612, 74.22445681470764, 74.22445681470764, 16.519563912245395, 1.2031914138670567, 0.021109745378436254, 6.837226315924709, 6.505547707979627, 0.6025991066506047, 8.638723694804986, 74.22445681470764, 0.5401529129830638, 48.5368804223674, 28.332794473375653, 0.11315440033419191, 0.11315440033419191
SVN, 0.6715816219575473, 1.0, 1.0, 0.6815108459092573, 0.036964978236219054, 0.13420363122757073, 1.0, 1.0, 1.0, 1.0, 0.003209044843185343, 0.007477935801302704, 1.0, 1.0, 0.008304043738148354, 0.0007782962565716218, 1.0, 0.048404318074879535, 1.0, 0.6288933363498721, 0.10755011904761905, 0.2291328231860592, 1.0, 1.0, 1.0, 0.10551528195775002, 0.9168119554208773, 0.2991326546660994, 1.2197941223330282, 0.903421, 0.2587625343244791, 0.0013345308753514268, 0.13596568458801428, 0.00029569414009632586, 1.0, 0.01344470260894536, 6.788389054770073e-05, 0.2352311520668693, 0.013472648274090827, 1.0, 0.06141705582832884, 0.06141705582832884, 1.0, 1.0, 0.24091226666666668, 1.0, 0.061214953745974694, 0.001658446322642953, 0.510972590017658, 1.0001228814028407, 1.0, 1.0, 0.22256227423104602, 0.016210174725436906, 0.000284404174639286, 0.09211554532481141, 0.08764695609992725, 0.008118605814184944, 0.11638648587716191, 1.0, 0.007277290210846407, 0.653920318252161, 0.3817177745618946, 0.001524489436368233, 0.001524489436368233
ZAF, 10.934773946747507, 16.282122067120422, 16.282122067120422, 11.096442783161024, 0.6018682878505683, 2.185119905498121, 16.282122067120422, 16.282122067120422, 16.282122067120422, 16.282122067120422, 0.05225005985560707, 0.1217566635269006, 16.282122067120422, 16.282122067120422, 0.1352074537952385, 0.012672314653882024, 16.282122067120422, 0.7881250154709121, 16.282122067120422, 10.239718069647239, 1.7511441666666667, 3.730768596699337, 16.282122067120422, 16.282122067120422, 16.282122067120422, 1.718012700782715, 14.927644170758093, 4.87051439753521, 19.860836796582387, 14.709611, 4.213203170268607, 0.021728994614813, 2.2138098734016425, 0.004814528083580585, 16.282122067120422, 0.21890828903498077, 0.0011052937922887056, 3.8300623319421327, 0.21936330376612614, 16.282122067120422, 1.0, 1.0, 16.282122067120422, 16.282122067120422, 3.9225629333333334, 16.282122067120422, 0.9967093492250906, 0.027003025467039542, 8.319718083620186, 16.284122837121256, 16.282122067120422, 16.282122067120422, 3.6237861165658214, 0.263936043608914, 0.004630703487875489, 1.4998365532579434, 1.4270784380305603, 0.13218813088139283, 1.8950189700151374, 16.282122067120422, 0.11848972753086172, 10.647210443951922, 6.215175400606323, 0.024821923092983183, 0.024821923092983183
DEW, 10.934773946747507, 16.282122067120422, 16.282122067120422, 11.096442783161024, 0.6018682878505683, 2.185119905498121, 16.282122067120422, 16.282122067120422, 16.282122067120422, 16.282122067120422, 0.05225005985560707, 0.1217566635269006, 16.282122067120422, 16.282122067120422, 0.1352074537952385, 0.012672314653882024, 16.282122067120422, 0.7881250154709121, 16.282122067120422, 10.239718069647239, 1.7511441666666667, 3.730768596699337, 16.282122067120422, 16.282122067120422, 16.282122067120422, 1.718012700782715, 14.927644170758093, 4.87051439753521, 19.860836796582387, 14.709611, 4.213203170268607, 0.021728994614813, 2.2138098734016425, 0.004814528083580585, 16.282122067120422, 0.21890828903498077, 0.0011052937922887056, 3.8300623319421327, 0.21936330376612614, 16.282122067120422, 1.0, 1.0, 16.282122067120422, 16.282122067120422, 3.9225629333333334, 16.282122067120422, 0.9967093492250906, 0.027003025467039542, 8.319718083620186, 16.284122837121256, 16.282122067120422, 16.282122067120422, 3.6237861165658214, 0.263936043608914, 0.004630703487875489, 1.4998365532579434, 1.4270784380305603, 0.13218813088139283, 1.8950189700151374, 16.282122067120422, 0.11848972753086172, 10.647210443951922, 6.215175400606323, 0.024821923092983183, 0.024821923092983183
LVA, 0.6715816219575473, 1.0, 1.0, 0.6815108459092573, 0.036964978236219054, 0.13420363122757073, 1.0, 1.0, 1.0, 1.0, 0.003209044843185343, 0.007477935801302704, 1.0, 1.0, 0.008304043738148354, 0.0007782962565716218, 1.0, 0.048404318074879535, 1.0, 0.6288933363498721, 0.10755011904761905, 0.2291328231860592, 1.0, 1.0, 1.0, 0.10551528195775002, 0.9168119554208773, 0.2991326546660994, 1.2197941223330282, 0.903421, 0.2587625343244791, 0.0013345308753514268, 0.13596568458801428, 0.00029569414009632586, 1.0, 0.01344470260894536, 6.788389054770073e-05, 0.2352311520668693, 0.013472648274090827, 1.0, 0.06141705582832884, 0.06141705582832884, 1.0, 1.0, 0.24091226666666668, 1.0, 0.061214953745974694, 0.001658446322642953, 0.510972590017658, 1.0001228814028407, 1.0, 1.0, 0.22256227423104602, 0.016210174725436906, 0.000284404174639286, 0.09211554532481141, 0.08764695609992725, 0.008118605814184944, 0.11638648587716191, 1.0, 0.007277290210846407, 0.653920318252161, 0.3817177745618946, 0.001524489436368233, 0.001524489436368233
LTU, 0.6715816219575473, 1.0, 1.0, 0.6815108459092573, 0.036964978236219054, 0.13420363122757073, 1.0, 1.0, 1.0, 1.0, 0.003209044843185343, 0.007477935801302704, 1.0, 1.0, 0.008304043738148354, 0.0007782962565716218, 1.0, 0.048404318074879535, 1.0, 0.6288933363498721, 0.10755011904761905, 0.2291328231860592, 1.0, 1.0, 1.0, 0.10551528195775002, 0.9168119554208773, 0.2991326546660994, 1.2197941223330282, 0.903421, 0.2587625343244791, 0.0013345308753514268, 0.13596568458801428, 0.00029569414009632586, 1.0, 0.01344470260894536, 6.788389054770073e-05, 0.2352311520668693, 0.013472648274090827, 1.0, 0.06141705582832884, 0.06141705582832884, 1.0, 1.0, 0.24091226666666668, 1.0, 0.061214953745974694, 0.001658446322642953, 0.510972590017658, 1.0001228814028407, 1.0, 1.0, 0.22256227423104602, 0.016210174725436906, 0.000284404174639286, 0.09211554532481141, 0.08764695609992725, 0.008118605814184944, 0.11638648587716191, 1.0, 0.007277290210846407, 0.653920318252161, 0.3817177745618946, 0.001524489436368233, 0.001524489436368233
SAU, 2.7876605506633148, 4.150888677593281, 4.150888677593281, 2.8288756539417554, 0.1534375096282037, 0.5570643333544275, 4.150888677593281, 4.150888677593281, 4.150888677593281, 4.150888677593281, 0.013320387905467147, 0.031040079049396832, 4.150888677593281, 4.150888677593281, 0.03446916113091939, 0.0032306211192163806, 4.150888677593281, 0.2009209358436413, 4.150888677593281, 2.6104662292685474, 0.4464285714285714, 0.9511048414279965, 4.150888677593281, 4.150888677593281, 4.150888677593281, 0.43798218919148724, 3.8055843652386763, 1.241666349351933, 5.063229611387, 3.75, 1.074094473912823, 0.0055394891003948885, 0.5643784206976078, 0.0012273934581565203, 4.150888677593281, 0.05580746383308014, 0.0002817784726654325, 0.9764183257315912, 0.055923463178120275, 4.150888677593281, 0.2549353616489246, 0.2549353616489246, 4.150888677593281, 4.150888677593281, 1.0, 4.150888677593281, 0.25409645840356276, 0.0068840260630548475, 2.1209903384648103, 4.15139874461702, 4.150888677593281, 4.150888677593281, 0.9238312241650598, 0.06728663072962483, 0.0011805300683704746, 0.3823613741190904, 0.3638127577007034, 0.033699428951943264, 0.48310734645238174, 4.150888677593281, 0.030207221539762772, 2.7143504450810902, 1.584467988465073, 0.006327985940531462, 0.006327985940531462
EA19, 0.6715816219575473, 1.0, 1.0, 0.6815108459092573, 0.036964978236219054, 0.13420363122757073, 1.0, 1.0, 1.0, 1.0, 0.003209044843185343, 0.007477935801302704, 1.0, 1.0, 0.008304043738148354, 0.0007782962565716218, 1.0, 0.048404318074879535, 1.0, 0.6288933363498721, 0.10755011904761905, 0.2291328231860592, 1.0, 1.0, 1.0, 0.10551528195775002, 0.9168119554208773, 0.2991326546660994, 1.2197941223330282, 0.903421, 0.2587625343244791, 0.0013345308753514268, 0.13596568458801428, 0.00029569414009632586, 1.0, 0.01344470260894536, 6.788389054770073e-05, 0.2352311520668693, 0.013472648274090827, 1.0, 0.06141705582832884, 0.06141705582832884, 1.0, 1.0, 0.24091226666666668, 1.0, 0.061214953745974694, 0.001658446322642953, 0.510972590017658, 1.0001228814028407, 1.0, 1.0, 0.22256227423104602, 0.016210174725436906, 0.000284404174639286, 0.09211554532481141, 0.08764695609992725, 0.008118605814184944, 0.11638648587716191, 1.0, 0.007277290210846407, 0.653920318252161, 0.3817177745618946, 0.001524489436368233, 0.001524489436368233
ARG, 10.970875265942817, 16.335877735850726, 16.335877735850726, 11.13307785442983, 0.6038553649752575, 2.192334111440794, 16.335877735850726, 16.335877735850726, 16.335877735850726, 16.335877735850726, 0.05242256420713803, 0.12215864496662189, 16.335877735850726, 16.335877735850726, 0.13565384321954832, 0.012714152489624323, 16.335877735850726, 0.7907270219584615, 16.335877735850726, 10.273524651502758, 1.756925595238095, 3.7430857848377657, 16.335877735850726, 16.335877735850726, 16.335877735850726, 1.7236847453256203, 14.976928010521679, 4.886594473425857, 19.926407645341694, 14.758175, 4.2271131233435675, 0.021800733214458756, 2.2211187997010446, 0.0048304233198210944, 16.335877735850726, 0.2196310180146047, 0.0011089429362211118, 3.8427073398276868, 0.22008753498366804, 16.335877735850726, 1.0033015149074982, 1.0033015149074982, 16.335877735850726, 16.335877735850726, 3.935513333333333, 16.335877735850726, 1.0, 0.027092176358166527, 8.34718575689944, 16.337885111423542, 16.335877735850726, 16.335877735850726, 3.6357501004512485, 0.2648074323915149, 0.004645991824472914, 1.5047882859973352, 1.4317899587678875, 0.13262455196609207, 1.9012754033946342, 16.335877735850726, 0.11888092313269025, 10.682362367955898, 6.235694894844141, 0.024903873042107443, 0.024903873042107443
CRI, 404.9462516744548, 602.9739921919016, 602.9739921919016, 410.9333154799848, 22.28892049837976, 80.92129928793808, 602.9739921919016, 602.9739921919016, 602.9739921919016, 602.9739921919016, 1.9349705802183013, 4.509000803466238, 602.9739921919016, 602.9739921919016, 5.007122404127475, 0.4692924009330034, 602.9739921919016, 29.18654490893674, 602.9739921919016, 379.20632568176677, 64.84992464285715, 138.16113313869926, 602.9739921919016, 602.9739921919016, 602.9739921919016, 63.622970799318665, 552.8137648493902, 180.36921097897942, 735.5041315953629, 544.739367, 156.02707835132514, 0.8046874096140029, 81.9837716371399, 0.17829587612163306, 602.9739921919016, 8.106806005948659, 0.0409322204890652, 141.83826684966047, 8.12365651522588, 602.9739921919016, 37.03288734148034, 37.03288734148034, 602.9739921919016, 602.9739921919016, 145.2638312, 602.9739921919016, 36.91102504205296, 1.0, 308.10318250358307, 603.0480864819388, 602.9739921919016, 602.9739921919016, 134.1992630044026, 9.774313768324953, 0.17148832057829308, 55.5432781074356, 52.84883502304148, 4.8953081588114795, 70.1780240265387, 602.9739921919016, 4.388016730773104, 394.29694487190443, 230.1658904181939, 0.9192274815013355, 0.9192274815013355
BGR, 1.3143202494175648, 1.9570521384825013, 1.9570521384825013, 1.3337522583857304, 0.07234238970615162, 0.2626435034860343, 1.9570521384825013, 1.9570521384825013, 1.9570521384825013, 1.9570521384825013, 0.006280268072842119, 0.014634710251374312, 1.9570521384825013, 1.9570521384825013, 0.01625144655579546, 0.001523166353296418, 1.9570521384825013, 0.09472977420023018, 1.9570521384825013, 1.2307770487809122, 0.21048119047619046, 0.44842488161281, 1.9570521384825013, 1.9570521384825013, 1.9570521384825013, 0.20649890819799877, 1.7942487979427517, 0.5854182015042374, 2.3872006956202387, 1.768042, 0.5064117711588735, 0.002611746503477434, 0.2660919337832106, 0.0005786888492122588, 1.9570521384825013, 0.02631198399209778, 0.00013285231316488978, 0.46035962919016904, 0.02636667511583203, 1.9570521384825013, 0.12019638044813012, 0.12019638044813012, 1.9570521384825013, 1.9570521384825013, 0.47147786666666663, 1.9570521384825013, 0.11980085613566718, 0.0032456659222868315, 1.0, 1.9572926237947106, 1.9570521384825013, 1.9570521384825013, 0.4355659747293975, 0.03172415711159129, 0.0005565937981711654, 0.18027492496540395, 0.17152966286684454, 0.015888534870147113, 0.22777442107636317, 1.9570521384825013, 0.014242036369494733, 1.2797561572325495, 0.7470415870031372, 0.0029835053115384335, 0.0029835053115384335
HRV, 0.6714991072052476, 0.9998771336951432, 0.9998771336951432, 0.6814271111899005, 0.03696043648593405, 0.13418714212330343, 0.9998771336951432, 0.9998771336951432, 0.9998771336951432, 0.9998771336951432, 0.003208650559703341, 0.007477017014962841, 0.9998771336951432, 0.9998771336951432, 0.008303023450978877, 0.000778200630186493, 0.9998771336951432, 0.04839837081517856, 0.9998771336951432, 0.6288160665494856, 0.10753690476190475, 0.2291046704827529, 0.9998771336951432, 0.9998771336951432, 0.9998771336951432, 0.10550231768494994, 0.9166993101236662, 0.2990959013421585, 1.219644250736531, 0.90331, 0.2587307411280512, 0.001334366906474055, 0.13594897898676161, 0.00029565780924996435, 0.9998771336951432, 0.0134430507080159, 6.787554990490983e-05, 0.23520225008442763, 0.013470992939580753, 0.9998771336951432, 0.06140950974162403, 0.06140950974162403, 0.9998771336951432, 0.9998771336951432, 0.24088266666666666, 0.9998771336951432, 0.061207432490805944, 0.0016582425554714864, 0.5109098087036394, 1.0, 0.9998771336951432, 0.9998771336951432, 0.2225349288268107, 0.016208183041167307, 0.0002843692309492622, 0.09210422742813748, 0.0876361872422993, 0.008117608311087965, 0.11637218589970691, 0.9998771336951432, 0.007276396077088829, 0.6538399734789866, 0.38167087430943597, 0.0015243021279843932, 0.0015243021279843932
CYP, 0.6715816219575473, 1.0, 1.0, 0.6815108459092573, 0.036964978236219054, 0.13420363122757073, 1.0, 1.0, 1.0, 1.0, 0.003209044843185343, 0.007477935801302704, 1.0, 1.0, 0.008304043738148354, 0.0007782962565716218, 1.0, 0.048404318074879535, 1.0, 0.6288933363498721, 0.10755011904761905, 0.2291328231860592, 1.0, 1.0, 1.0, 0.10551528195775002, 0.9168119554208773, 0.2991326546660994, 1.2197941223330282, 0.903421, 0.2587625343244791, 0.0013345308753514268, 0.13596568458801428, 0.00029569414009632586, 1.0, 0.01344470260894536, 6.788389054770073e-05, 0.2352311520668693, 0.013472648274090827, 1.0, 0.06141705582832884, 0.06141705582832884, 1.0, 1.0, 0.24091226666666668, 1.0, 0.061214953745974694, 0.001658446322642953, 0.510972590017658, 1.0001228814028407, 1.0, 1.0, 0.22256227423104602, 0.016210174725436906, 0.000284404174639286, 0.09211554532481141, 0.08764695609992725, 0.008118605814184944, 0.11638648587716191, 1.0, 0.007277290210846407, 0.653920318252161, 0.3817177745618946, 0.001524489436368233, 0.001524489436368233
MLT, 0.6715816219575473, 1.0, 1.0, 0.6815108459092573, 0.036964978236219054, 0.13420363122757073, 1.0, 1.0, 1.0, 1.0, 0.003209044843185343, 0.007477935801302704, 1.0, 1.0, 0.008304043738148354, 0.0007782962565716218, 1.0, 0.048404318074879535, 1.0, 0.6288933363498721, 0.10755011904761905, 0.2291328231860592, 1.0, 1.0, 1.0, 0.10551528195775002, 0.9168119554208773, 0.2991326546660994, 1.2197941223330282, 0.903421, 0.2587625343244791, 0.0013345308753514268, 0.13596568458801428, 0.00029569414009632586, 1.0, 0.01344470260894536, 6.788389054770073e-05, 0.2352311520668693, 0.013472648274090827, 1.0, 0.06141705582832884, 0.06141705582832884, 1.0, 1.0, 0.24091226666666668, 1.0, 0.061214953745974694, 0.001658446322642953, 0.510972590017658, 1.0001228814028407, 1.0, 1.0, 0.22256227423104602, 0.016210174725436906, 0.000284404174639286, 0.09211554532481141, 0.08764695609992725, 0.008118605814184944, 0.11638648587716191, 1.0, 0.007277290210846407, 0.653920318252161, 0.3817177745618946, 0.001524489436368233, 0.001524489436368233
ROU, 3.017499817872844, 4.493124467994434, 4.493124467994434, 3.0621130569584682, 0.16608824817203757, 0.6029936191623, 4.493124467994434, 4.493124467994434, 4.493124467994434, 4.493124467994434, 0.014418637903807428, 0.03359929631892474, 4.493124467994434, 4.493124467994434, 0.03731110210317033, 0.003496981953750428, 4.493124467994434, 0.2174866258988265, 4.493124467994434, 2.8256960373122637, 0.4832360714285714, 1.029522294277925, 4.493124467994434, 4.493124467994434, 4.493124467994434, 0.4740932951116983, 4.119350229451367, 1.3440402498563806, 5.480686816970326, 4.059183, 1.1626522743735666, 0.005996213329335526, 0.6109107442300208, 0.0013285905759093757, 4.493124467994434, 0.060408722257161006, 0.00030501076960253023, 1.05692284498617, 0.060534285609000475, 4.493124467994434, 0.2759544762944445, 0.2759544762944445, 4.493124467994434, 4.493124467994434, 1.0824488, 4.493124467994434, 0.27504640648318646, 0.007451605751122445, 2.295863446682828, 4.4936765894322, 4.493124467994434, 4.493124467994434, 1.0, 0.07283433268932551, 0.0012778633558715381, 0.41388661058156045, 0.3938086829978171, 0.036477906429716246, 0.5229389674385648, 4.493124467994434, 0.032697770707050364, 2.9381453820574923, 1.715105472752432, 0.006849720787745152, 0.006849720787745152
MKD, 41.42963498744438, 61.68964967606464, 61.68964967606464, 42.04216533458055, 2.280356557675707, 8.278974995684608, 61.68964967606464, 61.68964967606464, 61.68964967606464, 61.68964967606464, 0.1979648521708856, 0.46131123988246553, 61.68964967606464, 61.68964967606464, 0.5122735491010902, 0.048012823412095874, 61.68964967606464, 2.9860454248481223, 61.68964967606464, 38.7962096030351, 6.634729166666666, 14.135123591635654, 61.68964967606464, 61.68964967606464, 61.68964967606464, 6.509200779444783, 56.557808348741716, 18.453388673022896, 75.24867208364725, 55.731725, 15.962970091767767, 0.08232674218232142, 8.387675450200902, 0.01824126791380752, 61.68964967606464, 0.8293989939447116, 0.004187733426535974, 14.511327363902256, 0.8311229522375, 61.68964967606464, 3.78879665818491, 3.78879665818491, 61.68964967606464, 61.68964967606464, 14.861793333333333, 61.68964967606464, 3.7763290515256798, 0.10230897265040144, 31.521720072260727, 61.697230186757594, 61.68964967606464, 61.68964967606464, 13.729788728421457, 1.0, 0.01754479389990786, 5.68257572080727, 5.406910016977929, 0.5008339485351307, 7.179841540790363, 61.68964967606464, 0.44893348369816943, 40.340115349036516, 23.548035787850296, 0.09404521926441754, 0.09404521926441754
MDG, 2361.3634462620817, 3516.122789928505, 3516.122789928505, 2396.2758168849928, 129.973402405581, 471.87644625042225, 3516.122789928505, 3516.122789928505, 3516.122789928505, 3516.122789928505, 11.28339570702653, 26.29334049258271, 3516.122789928505, 3516.122789928505, 29.19803743626652, 2.7365852050475223, 3516.122789928505, 170.1955259140322, 3516.122789928505, 2211.266192373958, 378.1594246428571, 805.6591415251613, 3516.122789928505, 3516.122789928505, 3516.122789928505, 371.00468757737684, 3223.6234105342633, 1051.7871442832854, 4288.945912555999, 3176.539167, 909.8408441179579, 4.692374424686388, 478.0720422281479, 1.0396969048410034, 3516.122789928505, 47.273225247124, 0.23868809462378274, 827.1016146834569, 47.371485637221696, 3516.122789928505, 215.94990968829833, 215.94990968829833, 3516.122789928505, 3516.122789928505, 847.0771112, 3516.122789928505, 215.23929395064093, 5.831300910918009, 1796.6423687898819, 3516.5548560294915, 3516.122789928505, 3516.122789928505, 782.5562846020985, 56.996964780831746, 1.0, 323.8895682232615, 308.17745981081737, 28.546014925701744, 409.22917543238106, 3516.122789928505, 25.587845959280664, 2299.2641338037242, 1342.1665664578688, 5.360292050219606, 5.360292050219606
MAR, 7.290643719140598, 10.855930955778092, 10.855930955778092, 7.3984346888048185, 0.40128925151423384, 1.4569053546212125, 10.855930955778092, 10.855930955778092, 10.855930955778092, 10.855930955778092, 0.03483716925161581, 0.08117995475068326, 10.855930955778092, 10.855930955778092, 0.09014812547509993, 0.008449130424482077, 10.855930955778092, 0.5254739349824138, 10.855930955778092, 6.82722263796314, 1.1675566666666666, 2.487450108210368, 10.855930955778092, 10.855930955778092, 10.855930955778092, 1.145466615712792, 9.952847287480946, 3.2473634456737863, 13.24200077231129, 9.807476, 2.8091082065687036, 0.014487575041169187, 1.4760340842425845, 0.003210035168913887, 10.855930955778092, 0.1459547632436804, 0.0007369428287954361, 2.55365314548607, 0.14625813945501287, 10.855930955778092, 0.6667393175795063, 0.6667393175795063, 10.855930955778092, 10.855930955778092, 2.6153269333333333, 10.855930955778092, 0.6645453113274506, 0.018003978772475972, 5.547083157526801, 10.85726494780308, 10.855930955778092, 10.855930955778092, 2.416120682413185, 0.17597653760044213, 0.003087472083419143, 1.0, 0.9514893039049236, 0.08813502417597033, 1.2634836548681116, 10.855930955778092, 0.07900176007410838, 7.098913825525896, 4.143901805237194, 0.016549752064026597, 0.016549752064026597
ZMB, 7.662349633589897, 11.409409345144732, 11.409409345144732, 7.775636214134571, 0.4217485681313893, 1.5311841642802029, 11.409409345144732, 11.409409345144732, 11.409409345144732, 11.409409345144732, 0.036613306222827366, 0.08531883061377542, 11.409409345144732, 11.409409345144732, 0.09474423422852042, 0.008879900583019424, 11.409409345144732, 0.5522646789888886, 11.409409345144732, 7.17530150884948, 1.227083333333333, 2.6142701741384196, 11.409409345144732, 11.409409345144732, 11.409409345144732, 1.2038670440243344, 10.460282891919373, 3.4129269055853464, 13.917130458499068, 10.3075, 2.952327677295046, 0.015226209040618749, 1.5512881523574913, 0.0033736954853195557, 11.409409345144732, 0.15339611558919294, 0.0007745150951997188, 2.6838485046609, 0.1537149591222599, 11.409409345144732, 0.7007323307190108, 0.7007323307190108, 11.409409345144732, 11.409409345144732, 2.7486666666666664, 11.409409345144732, 0.6984264653319262, 0.018921892971983423, 5.829895443660275, 11.410811349370647, 11.409409345144732, 11.409409345144732, 2.539304091488361, 0.18494851899882875, 0.003244883647927644, 1.0509839636620064, 1.0, 0.09262849704590805, 1.3279010596154466, 11.409409345144732, 0.08302958293896127, 7.460844590046223, 4.35517434429433, 0.017393524021874142, 0.017393524021874142
SRB, 82.7212993620346, 123.1738580351796, 123.1738580351796, 83.94432018346201, 4.553118981541549, 16.530379020630395, 123.1738580351796, 123.1738580351796, 123.1738580351796, 123.1738580351796, 0.3952704339430366, 0.9210862027858463, 123.1738580351796, 123.1738580351796, 1.0228411045206074, 0.09586575261626468, 123.1738580351796, 5.96214660284489, 123.1738580351796, 77.46321853082961, 13.247363095238095, 28.223173834319567, 123.1738580351796, 123.1738580351796, 123.1738580351796, 12.99672436040585, 112.92726564196657, 36.84532313952853, 150.24674805639492, 111.27785, 31.872779667706677, 0.16437931658410063, 16.74741793110008, 0.03642178803405935, 123.1738580351796, 1.6560358904794446, 0.008361520697198161, 28.974328530136304, 1.659478065870771, 123.1738580351796, 7.564975715537277, 7.564975715537277, 123.1738580351796, 123.1738580351796, 29.674093333333335, 123.1738580351796, 7.540082022336773, 0.20427723190418878, 62.93846526270304, 123.18899381164827, 123.1738580351796, 123.1738580351796, 27.413853970121576, 1.9966697603564219, 0.03503115943163184, 11.346227102671474, 10.795813727868058, 1.0, 14.335772488646978, 123.1738580351796, 0.8963719113115975, 80.54588844671115, 47.0176509733915, 0.1877772454113517, 0.1877772454113517
HKG, 5.770271495836351, 8.592062836706253, 8.592062836706253, 5.855584011949171, 0.31760541576307316, 1.1530860324214414, 8.592062836706253, 8.592062836706253, 8.592062836706253, 8.592062836706253, 0.02757231493845663, 0.06425089429364815, 8.592062836706253, 8.592062836706253, 0.07134886559692774, 0.0066871703420366265, 8.592062836706253, 0.4158929424672812, 8.592062836706253, 5.4034910635039415, 0.9240773809523809, 1.9687236147665241, 8.592062836706253, 8.592062836706253, 8.592062836706253, 0.9065939328137658, 7.87730593041971, 2.5701665654018777, 10.480547746930332, 7.76225, 2.223303954701283, 0.011466373138544058, 1.1682257056160017, 0.0025406226321534535, 8.592062836706253, 0.11551772963688703, 0.0005832626531859344, 2.021120839709345, 0.11575784054783042, 8.592062836706253, 0.5276992029224974, 0.5276992029224974, 8.592062836706253, 8.592062836706253, 2.069933333333333, 8.592062836706253, 0.5259627291314813, 0.014249475015452664, 4.39030860126626, 8.593118641440924, 8.592062836706253, 8.592062836706253, 1.9122690452733961, 0.1392788398349414, 0.0024436185395223242, 0.7914625536682425, 0.7530681542566093, 0.06975557130192576, 1.0, 8.592062836706253, 0.06252693477253962, 5.618524464621518, 3.2797431049234698, 0.013098509031170756, 0.013098509031170756
EU27_2020, 0.6715816219575473, 1.0, 1.0, 0.6815108459092573, 0.036964978236219054, 0.13420363122757073, 1.0, 1.0, 1.0, 1.0, 0.003209044843185343, 0.007477935801302704, 1.0, 1.0, 0.008304043738148354, 0.0007782962565716218, 1.0, 0.048404318074879535, 1.0, 0.6288933363498721, 0.10755011904761905, 0.2291328231860592, 1.0, 1.0, 1.0, 0.10551528195775002, 0.9168119554208773, 0.2991326546660994, 1.2197941223330282, 0.903421, 0.2587625343244791, 0.0013345308753514268, 0.13596568458801428, 0.00029569414009632586, 1.0, 0.01344470260894536, 6.788389054770073e-05, 0.2352311520668693, 0.013472648274090827, 1.0, 0.06141705582832884, 0.06141705582832884, 1.0, 1.0, 0.24091226666666668, 1.0, 0.061214953745974694, 0.001658446322642953, 0.510972590017658, 1.0001228814028407, 1.0, 1.0, 0.22256227423104602, 0.016210174725436906, 0.000284404174639286, 0.09211554532481141, 0.08764695609992725, 0.008118605814184944, 0.11638648587716191, 1.0, 0.007277290210846407, 0.653920318252161, 0.3817177745618946, 0.001524489436368233, 0.001524489436368233
ALB, 92.28457330952548, 137.41378604216638, 137.41378604216638, 93.6489855651905, 5.0794976104051415, 18.441429067587205, 137.41378604216638, 137.41378604216638, 137.41378604216638, 137.41378604216638, 0.4409670014811881, 1.0275714702372658, 137.41378604216638, 137.41378604216638, 1.1410900895187093, 0.10694863527795188, 137.41378604216638, 6.651420607458463, 137.41378604216638, 86.4186143645255, 14.778869047619047, 31.486008740526678, 137.41378604216638, 137.41378604216638, 137.41378604216638, 14.49925437912112, 125.98260188310462, 41.104950606512624, 167.61652854176288, 124.1425, 35.557539527392706, 0.18338294017220597, 18.683559491054073, 0.04063245130111889, 137.41378604216638, 1.8474874877061738, 0.00932818241143159, 32.32400320056908, 1.8513276073572789, 137.41378604216638, 8.439550168933767, 8.439550168933767, 137.41378604216638, 137.41378604216638, 33.10466666666667, 137.41378604216638, 8.411778556630479, 0.22789338814207638, 70.21467815809805, 137.4306716409649, 137.41378604216638, 137.41378604216638, 30.583124732242915, 2.22750148142732, 0.03908105440338177, 12.657945836421115, 12.043900072762552, 1.1156083623110977, 15.993107668523946, 137.41378604216638, 1.0, 89.85766670092781, 52.45328460214008, 0.2094858652326472, 0.2094858652326472
SGP, 1.02700834216712, 1.5292383063931432, 1.5292383063931432, 1.042192491786831, 0.05652826071381502, 0.20522933373026023, 1.5292383063931432, 1.5292383063931432, 1.5292383063931432, 1.5292383063931432, 0.0049073943011324036, 0.0114355458801008, 1.5292383063931432, 1.5292383063931432, 0.012698861782340575, 0.0011902004492717103, 1.5292383063931432, 0.07402173739494379, 1.5292383063931432, 0.9617277805816118, 0.1644697619047619, 0.3503986904681287, 1.5292383063931432, 1.5292383063931432, 1.5292383063931432, 0.16135801107966463, 1.4020239619888084, 0.45744511420847084, 1.8653558977848708, 1.381546, 0.395709579748364, 0.002040815735651775, 0.20792393322695926, 0.00045218680601128217, 1.5292383063931432, 0.020560154247663078, 0.00010381064581254337, 0.35972448859764716, 0.02060288982930116, 1.5292383063931432, 0.09392131443856672, 0.09392131443856672, 1.5292383063931432, 1.5292383063931432, 0.36841226666666665, 1.5292383063931432, 0.09361225219242894, 0.002536159645682446, 0.7813988581719212, 1.5294262213415106, 1.5292383063931432, 1.5292383063931432, 0.34035075531209114, 0.024789220143464068, 0.00043492175835652147, 0.14086662052499543, 0.13403308270676692, 0.01241528300555771, 0.17798267254984057, 1.5292383063931432, 0.011128710957166159, 1.0, 0.5837374430911914, 0.0023313076437859945, 0.0023313076437859945
GEO, 1.7593669111383023, 2.619736534793856, 2.619736534793856, 1.785378861886747, 0.0968385039932828, 0.3515781558288687, 2.619736534793856, 2.619736534793856, 2.619736534793856, 2.619736534793856, 0.008406852017484463, 0.01959022162351566, 2.619736534793856, 2.619736534793856, 0.021754406767353386, 0.0020389311382339706, 2.619736534793856, 0.12680656050254452, 2.619736534793856, 1.6475348497241609, 0.2817529761904762, 0.60026762822098, 2.619736534793856, 2.619736534793856, 2.619736534793856, 0.2764222391237927, 2.4018057751518684, 0.7836487441786544, 3.19553922720264, 2.366725, 0.677889665005687, 0.003496119290968558, 0.3561942713934789, 0.0007746407419347976, 2.619736534793856, 0.035221578624092434, 0.00017783790819175888, 0.6162436431912267, 0.035294788904063124, 2.619736534793856, 0.16089650501294697, 0.16089650501294697, 2.619736534793856, 2.619736534793856, 0.6311266666666667, 2.619736534793856, 0.16036705080404592, 0.004344692422422263, 1.338613562347501, 2.6200584516943244, 2.619736534793856, 2.619736534793856, 0.5830545210698803, 0.04246638696361902, 0.0007450640069504297, 0.2413184595098678, 0.22961193305845262, 0.021268608263010115, 0.3049019292086702, 2.619736534793856, 0.019064583039652014, 1.7130989485692119, 1.0, 0.003993760673361153, 0.003993760673361153
CMR, 440.52887867655255, 655.9573166884542, 655.9573166884542, 447.0420257767149, 24.247447935277354, 88.03185382988413, 655.9573166884542, 655.9573166884542, 655.9573166884542, 655.9573166884542, 2.1049964444687785, 4.905206702591046, 655.9573166884542, 655.9573166884542, 5.447098248139354, 0.5105291240493898, 655.9573166884542, 31.75116660053242, 655.9573166884542, 412.52718539531156, 70.54828749999999, 150.3013518623774, 655.9573166884542, 655.9573166884542, 655.9573166884542, 69.21352122263136, 601.3895101857734, 196.21825348866855, 800.1328793979211, 592.605615, 169.7371776749893, 0.8753952920334158, 89.18768562406255, 0.19396273469808573, 655.9573166884542, 8.819151047038057, 0.04452893469004249, 154.3015953113173, 8.837482210559951, 655.9573166884542, 40.286967140055566, 40.286967140055566, 655.9573166884542, 655.9573166884542, 158.02816399999998, 655.9573166884542, 40.154396800417395, 1.0878699996727057, 335.1762090493325, 656.0379216437325, 655.9573166884542, 655.9573166884542, 145.99135220067683, 10.63318271594859, 0.18655699925138053, 60.423865936556965, 57.492662139219014, 5.325458885124038, 76.34456697478178, 655.9573166884542, 4.773591759469964, 428.94381728874754, 250.39056713390863, 1.0, 1.0
SEN, 440.52887867655255, 655.9573166884542, 655.9573166884542, 447.0420257767149, 24.247447935277354, 88.03185382988413, 655.9573166884542, 655.9573166884542, 655.9573166884542, 655.9573166884542, 2.1049964444687785, 4.905206702591046, 655.9573166884542, 655.9573166884542, 5.447098248139354, 0.5105291240493898, 655.9573166884542, 31.75116660053242, 655.9573166884542, 412.52718539531156, 70.54828749999999, 150.3013518623774, 655.9573166884542, 655.9573166884542, 655.9573166884542, 69.21352122263136, 601.3895101857734, 196.21825348866855, 800.1328793979211, 592.605615, 169.7371776749893, 0.8753952920334158, 89.18768562406255, 0.19396273469808573, 655.9573166884542, 8.819151047038057, 0.04452893469004249, 154.3015953113173, 8.837482210559951, 655.9573166884542, 40.286967140055566, 40.286967140055566, 655.9573166884542, 655.9573166884542, 158.02816399999998, 655.9573166884542, 40.154396800417395, 1.0878699996727057, 335.1762090493325, 656.0379216437325, 655.9573166884542, 655.9573166884542, 145.99135220067683, 10.63318271594859, 0.18655699925138053, 60.423865936556965, 57.492662139219014, 5.325458885124038, 76.34456697478178, 655.9573166884542, 4.773591759469964, 428.94381728874754, 250.39056713390863, 1.0, 1.0